# {"t_start": 1557087785.134652, "env_id": "HumanoidStandup-v2"} 
r,l,t
41368.032131,1000,9.017318
40497.111767,1000,14.311659
38546.83378,1000,22.26813
40974.679125,1000,28.407756
38881.303391,1000,35.72755
39164.778776,1000,41.05742
36723.908572,1000,49.679002
41068.844634,1000,54.744438
41942.783673,1000,64.021697
39785.493987,1000,69.071162
38972.943111,1000,77.009821
44101.834747,1000,81.976101
45314.30114,1000,90.874487
38622.866905,1000,96.554807
45270.707979,1000,103.696238
38669.005422,1000,109.055869
43782.265751,1000,117.696773
38441.008905,1000,123.275155
51688.227048,1000,131.776041
46746.496551,1000,138.039416
40230.116319,1000,146.170473
41314.012056,1000,151.865924
40907.625459,1000,160.339064
36875.982688,1000,165.28492
43678.677516,1000,174.397793
43388.444007,1000,178.850191
46753.008329,1000,187.738591
42479.442395,1000,193.238722
43925.105407,1000,200.930258
50232.76582,1000,205.442225
42483.105315,1000,214.33063
51793.431264,1000,220.368786
48607.047759,1000,228.315459
44942.750918,1000,233.32923
49558.613745,1000,242.154523
48467.3438,1000,247.943426
46439.932047,1000,255.520452
46446.406959,1000,261.612864
49825.584165,1000,269.429408
51100.333406,1000,275.095514
50455.268183,1000,283.30626
46934.847869,1000,288.419296
49851.81167,1000,294.074535
57020.492098,1000,302.050769
48413.576353,1000,307.677248
52066.602717,1000,315.350763
47982.997157,1000,320.545552
49916.995008,1000,329.128828
52391.728098,1000,334.95984
69885.054043,1000,342.359777
51415.499786,1000,348.052913
53749.623171,1000,357.029044
61384.126111,1000,362.969606
54035.236029,1000,370.584899
58646.060589,1000,375.810267
57865.540683,1000,383.778933
66152.455976,1000,389.214494
64324.046524,1000,398.152378
59418.445419,1000,403.605091
57955.394627,1000,411.949754
55890.622069,1000,417.32278
57400.249844,1000,425.210102
64560.674729,1000,430.7745
64197.685194,1000,438.676684
61975.501353,1000,444.207253
66266.875008,1000,451.951336
61547.720784,1000,457.317993
67982.588251,1000,466.550545
53755.532378,1000,472.194044
63526.824534,1000,479.411034
48966.132759,1000,485.693064
68227.979279,1000,493.752455
53368.570446,1000,498.946873
57835.527629,1000,507.084652
65000.762456,1000,512.211112
69799.789356,1000,521.036625
63811.348594,1000,527.161625
65291.084978,1000,535.773223
64082.752478,1000,540.790143
81361.909101,1000,549.925704
76128.533686,1000,555.427659
68801.144611,1000,564.183762
78687.203162,1000,569.968343
65237.039673,1000,576.949188
64866.207711,1000,581.014649
78848.794968,1000,585.220819
72361.581769,1000,592.267581
76207.275572,1000,596.427797
75531.457921,1000,602.402669
78814.441002,1000,608.301167
72527.71489,1000,616.558659
71523.478094,1000,621.929539
90183.775736,1000,629.882686
75559.99936,1000,635.351823
63764.338278,1000,643.779033
68538.792893,1000,649.715803
71588.090454,1000,657.23717
71888.239128,1000,662.921764
70297.017917,1000,671.119837
69067.583551,1000,676.3816
70677.56893,1000,684.913486
64553.730712,1000,690.705558
79686.600676,1000,698.598308
70191.573243,1000,704.360286
74211.42842,1000,712.25819
74931.692157,1000,718.021693
70268.699731,1000,726.767117
84711.064149,1000,732.663178
69307.76288,1000,740.414532
88085.958663,1000,744.584689
77037.851171,1000,754.299771
92916.576857,1000,759.539685
77992.113151,1000,768.098366
79217.246704,1000,773.847656
79888.047227,1000,782.131147
74479.925517,1000,787.035346
90374.200262,1000,796.524554
72548.560307,1000,801.246582
75797.593986,1000,810.951375
61869.913112,1000,816.466609
78196.905861,1000,824.706094
71415.012819,1000,829.643035
83879.188021,1000,837.836668
75027.854879,1000,843.112752
72962.018022,1000,851.352993
90081.980294,1000,856.505306
74068.077014,1000,865.5086
83621.778288,1000,870.993726
87621.561016,1000,875.309784
97042.252373,1000,885.095369
80582.060975,1000,890.360198
92907.501919,1000,899.771627
69510.705845,1000,906.359669
97121.529454,1000,914.104309
68289.027514,1000,920.125633
91735.818108,1000,927.317875
80899.560735,1000,932.929027
84541.852682,1000,941.538181
75418.785921,1000,946.785386
80449.464159,1000,955.768891
74285.529733,1000,960.69804
83546.296724,1000,967.262574
85587.178337,1000,971.228981
88024.270952,1000,978.0315
91252.703826,1000,982.450563
72969.449639,1000,988.992439
74914.281718,1000,993.988482
80197.200959,1000,999.643039
81831.379523,1000,1003.894817
73407.435005,1000,1010.727244
109939.115929,1000,1015.462198
78783.494379,1000,1022.086652
77748.40205,1000,1028.004573
86639.093827,1000,1035.818657
94499.775687,1000,1041.187815
83350.734998,1000,1049.742553
99830.206519,1000,1055.542908
91442.558058,1000,1063.944998
115803.087255,1000,1069.784841
94825.084255,1000,1077.551379
93717.82352,1000,1083.093628
77947.235305,1000,1092.670844
76904.880915,1000,1098.354387
82536.204412,1000,1106.471584
96907.135435,1000,1113.040076
102641.624147,1000,1121.415368
90869.529934,1000,1127.013979
90907.293017,1000,1135.144441
89408.452911,1000,1140.245494
96842.490986,1000,1149.693601
102491.637278,1000,1155.383913
95032.768125,1000,1160.583338
74892.235215,1000,1170.314514
80299.83514,1000,1176.37992
79287.458999,1000,1184.116311
94511.136395,1000,1189.835515
129191.994144,1000,1198.416459
74582.225799,1000,1203.988543
100575.581505,1000,1212.522093
97244.337935,1000,1218.056092
117860.856441,1000,1227.911456
86562.510594,1000,1233.917853
84395.539698,1000,1241.578343
108614.584414,1000,1246.798077
111587.385906,1000,1255.074201
102298.615289,1000,1260.46522
136139.555259,1000,1270.072828
84468.600365,1000,1275.621761
83103.911732,1000,1282.839137
86440.416226,1000,1288.726114
67851.711569,1000,1297.257495
110255.651798,1000,1303.105471
99145.939045,1000,1311.037038
100745.148103,1000,1315.557259
95213.781571,1000,1325.240083
117251.041953,1000,1330.736366
96744.571094,1000,1337.989789
87527.305613,1000,1342.309374
99519.846086,1000,1351.254713
83715.02788,1000,1357.201826
123602.966756,1000,1365.601145
126527.662621,1000,1370.990221
79679.246526,1000,1380.403875
129840.939544,1000,1386.306164
135540.879736,1000,1394.594238
135190.236383,1000,1399.001151
88391.754746,1000,1408.919529
136984.888815,1000,1414.34412
112696.580689,1000,1422.845916
140083.192254,1000,1429.36149
105505.750207,1000,1436.848496
137994.948026,1000,1441.531144
95666.668156,1000,1450.639073
103280.252987,1000,1456.571794
77315.947187,1000,1462.716539
125686.854264,1000,1470.655626
129463.941371,1000,1477.210499
93922.018034,1000,1484.722121
93148.47201,1000,1489.808262
136053.485819,1000,1498.998966
82023.794249,1000,1504.684473
118453.524588,1000,1512.340474
122163.064731,1000,1518.059561
141942.82978,1000,1526.143161
99309.645578,1000,1530.229697
132679.586535,1000,1538.448052
137483.00511,1000,1543.759141
129906.117255,1000,1551.797998
93274.515445,1000,1557.554371
109308.060075,1000,1566.430715
140484.498134,1000,1572.590073
110255.585682,1000,1580.893056
139803.811189,1000,1586.952044
140257.207654,1000,1594.89841
121822.743227,1000,1600.62249
94460.04761,1000,1608.464874
110635.677461,1000,1613.927586
141291.832039,1000,1622.325961
71654.509141,1000,1627.408883
141218.924518,1000,1635.899709
138472.620431,1000,1641.278574
120841.566899,1000,1649.642653
97724.830364,1000,1655.240993
127357.05401,1000,1664.587627
136751.768451,1000,1670.832327
91034.294615,1000,1679.210584
133242.249662,1000,1685.307783
83687.283217,1000,1693.51666
82214.857794,1000,1699.376066
143202.966114,1000,1708.52246
124549.830642,1000,1714.03898
85093.535931,1000,1722.883676
143207.213882,1000,1728.187959
98133.245949,1000,1736.954125
142985.964027,1000,1742.366615
75747.097395,1000,1747.97456
140218.007194,1000,1755.46445
88760.405695,1000,1760.852953
142321.962905,1000,1770.567399
145259.627167,1000,1776.259151
139148.759702,1000,1783.706063
146715.142744,1000,1789.445437
91657.731727,1000,1798.333468
107302.326861,1000,1803.953434
145741.725509,1000,1810.766957
119054.199994,1000,1816.375872
146343.872459,1000,1824.873912
102021.384488,1000,1831.475703
132586.6623,1000,1838.783253
145600.952752,1000,1843.388939
101205.752528,1000,1849.061976
145851.589896,1000,1853.348464
142112.468136,1000,1860.246019
86317.831872,1000,1864.919544
124829.904515,1000,1872.471445
98311.404146,1000,1878.708202
113499.219927,1000,1886.127967
143978.122743,1000,1892.330029
143753.570344,1000,1900.738096
145832.812645,1000,1906.321627
130200.969859,1000,1914.303495
83819.735653,1000,1920.567261
148785.904832,1000,1927.98514
146708.670052,1000,1933.926837
145020.850454,1000,1943.023632
103918.274591,1000,1948.751033
114650.679919,1000,1958.442738
144882.505617,1000,1964.082261
148845.145701,1000,1973.428821
99647.215412,1000,1980.069754
147631.17325,1000,1987.913166
140497.153944,1000,1993.72824
127648.730203,1000,2003.439556
147434.566257,1000,2010.214628
125055.094499,1000,2018.770692
130558.905409,1000,2024.056308
106455.166183,1000,2032.66146
145571.749202,1000,2038.326934
149062.820958,1000,2044.384601
148505.826359,1000,2053.042102
101360.400355,1000,2059.574095
145069.339666,1000,2067.175256
148187.563977,1000,2072.86622
145340.436497,1000,2081.042372
149358.85717,1000,2086.456775
148344.816557,1000,2095.804137
147313.576071,1000,2101.442599
146676.764145,1000,2110.517031
147292.172758,1000,2116.57707
147156.157699,1000,2124.680791
149014.314709,1000,2130.718205
148761.898945,1000,2138.646566
149045.523579,1000,2144.600589
132228.790138,1000,2152.642631
145471.414942,1000,2157.845906
148653.816623,1000,2167.034565
141791.420255,1000,2172.630623
81012.837871,1000,2181.384353
129321.56045,1000,2187.636794
149342.039697,1000,2196.24364
148627.528094,1000,2202.266168
148178.389457,1000,2210.145151
149695.639431,1000,2216.035306
146863.933567,1000,2224.423751
147389.999613,1000,2229.716517
147912.876121,1000,2237.902246
147863.410675,1000,2243.191702
145603.260914,1000,2251.937948
132548.23264,1000,2257.120816
83864.412249,1000,2265.074536
79699.53933,1000,2270.171063
148494.337338,1000,2279.388048
138214.448974,1000,2285.276936
149334.629387,1000,2292.407062
149452.380521,1000,2297.516785
149051.954639,1000,2306.130599
149525.913171,1000,2311.906112
132224.668127,1000,2320.080958
149790.51938,1000,2325.829754
149569.445387,1000,2334.527126
150511.415605,1000,2340.802226
151540.798086,1000,2345.949757
150023.872154,1000,2353.56748
149170.327031,1000,2359.019248
149559.644253,1000,2367.33998
149938.703919,1000,2373.33295
149805.955217,1000,2380.372012
149484.231899,1000,2384.97854
125083.666556,1000,2391.512762
148214.482312,1000,2395.438403
150012.69418,1000,2402.612772
149133.493598,1000,2408.41486
149449.018501,1000,2416.514972
148026.667084,1000,2421.865743
150890.564934,1000,2431.00873
106581.934334,1000,2437.336738
149619.930601,1000,2445.044314
150365.602247,1000,2450.728178
149221.218256,1000,2458.21547
148749.751383,1000,2464.23174
147335.05974,1000,2471.940871
148819.339295,1000,2478.171949
135034.357562,1000,2486.61134
149572.441237,1000,2490.889782
102587.445365,1000,2500.098102
149349.848375,1000,2505.06885
127452.646085,1000,2514.1849
149299.962654,1000,2519.533742
150355.512058,1000,2527.797508
151127.792892,1000,2532.643934
149569.021663,1000,2541.402022
150920.251132,1000,2546.953148
141100.222166,1000,2554.974379
94937.032016,1000,2559.987551
147133.340337,1000,2568.650368
148874.24473,1000,2573.822902
150104.348612,1000,2583.576507
148726.615453,1000,2588.884131
134392.235636,1000,2597.632549
152000.065855,1000,2603.005073
151560.865902,1000,2611.784226
131264.427807,1000,2617.625714
68602.011763,1000,2626.169535
150503.037045,1000,2631.189583
150671.420989,1000,2636.509622
151506.455413,1000,2645.907415
149956.295929,1000,2651.058872
127426.934896,1000,2659.634096
134071.805969,1000,2664.882577
151008.693058,1000,2672.116158
110854.479728,1000,2678.129109
147005.988724,1000,2686.032872
152172.381363,1000,2691.476717
152071.235088,1000,2700.595269
151218.061842,1000,2706.020654
151167.963918,1000,2713.579686
88180.721391,1000,2719.854661
150787.754966,1000,2727.124354
102715.270518,1000,2732.660415
91691.233323,1000,2742.513485
152140.515638,1000,2747.980464
148985.93778,1000,2754.929635
105352.695162,1000,2759.615731
124095.474349,1000,2767.458579
151321.869736,1000,2771.657593
149300.21483,1000,2780.214164
150343.011139,1000,2784.99988
149263.556443,1000,2792.315411
149631.837575,1000,2797.012392
86185.889109,1000,2802.934457
151361.311969,1000,2807.257932
146789.81023,1000,2813.807083
151055.535869,1000,2819.366847
151224.610652,1000,2828.336198
151741.772379,1000,2833.582399
152852.4272,1000,2841.967509
119638.447906,1000,2847.17133
152291.654951,1000,2855.449461
150588.397706,1000,2860.974917
152355.179846,1000,2869.741356
152814.636814,1000,2875.439918
150197.975028,1000,2883.662214
153029.614319,1000,2889.175522
151071.418005,1000,2896.687852
151930.167297,1000,2902.926589
130435.207457,1000,2911.077091
111445.762543,1000,2917.008243
151582.323241,1000,2923.079069
152512.343758,1000,2930.74632
152040.170693,1000,2935.415318
152105.943658,1000,2942.779651
91310.285881,1000,2948.682438
152697.114149,1000,2956.657215
151696.286264,1000,2960.317772
153462.066012,1000,2967.065102
149580.74611,1000,2971.546996
153247.633604,1000,2977.981846
152617.661068,1000,2982.388203
152246.322152,1000,2989.760662
106793.975444,1000,2994.845197
142122.49867,1000,3001.681586
96235.772733,1000,3006.715139
153810.236046,1000,3013.06529
151324.958265,1000,3017.91843
151837.526821,1000,3025.094491
152868.019521,1000,3029.317118
102111.268786,1000,3035.373048
95523.988147,1000,3040.351052
152941.854074,1000,3047.553861
141384.593213,1000,3052.730078
152984.230016,1000,3059.017027
147795.164023,1000,3063.842675
130810.912606,1000,3069.412751
132138.621301,1000,3073.765919
153311.926623,1000,3079.835448
153276.414815,1000,3085.218098
97288.934327,1000,3091.999326
116625.978181,1000,3097.028664
153772.464746,1000,3103.380637
151951.429487,1000,3107.612352
93443.52379,1000,3115.073495
135683.044404,1000,3119.494565
89674.065566,1000,3126.301668
118037.447621,1000,3131.68191
152607.438356,1000,3137.622965
153661.087433,1000,3142.654041
153752.045945,1000,3149.274562
153493.054616,1000,3153.660191
153530.340146,1000,3160.227915
153525.444502,1000,3164.663426
153269.796621,1000,3168.691174
152135.107505,1000,3176.487105
154830.859777,1000,3181.503182
153799.006567,1000,3186.789524
153663.065251,1000,3191.860322
107383.5513,1000,3199.976282
152387.961703,1000,3204.409676
152585.499105,1000,3210.888703
154044.082059,1000,3214.895712
153226.317203,1000,3222.02896
153968.10089,1000,3226.624092
152273.251604,1000,3232.464733
154392.681327,1000,3236.510294
123511.399128,1000,3244.379704
146493.039083,1000,3248.588836
153071.79786,1000,3255.26071
154115.430244,1000,3261.696203
153008.783168,1000,3269.52176
136655.617144,1000,3275.100041
153347.407517,1000,3283.137068
153193.045748,1000,3289.059617
152478.985578,1000,3295.9542
153387.769523,1000,3301.321532
143829.185327,1000,3310.558904
118104.258168,1000,3315.899094
154116.449309,1000,3324.113569
154155.746444,1000,3330.088021
144488.936229,1000,3337.857557
151779.151595,1000,3341.26752
153942.228945,1000,3348.469048
153643.686786,1000,3351.66015
153618.037506,1000,3358.899135
153367.286119,1000,3362.558429
137960.240784,1000,3369.959178
127989.809951,1000,3374.038314
154401.375438,1000,3380.887277
137328.674957,1000,3385.788968
153874.348668,1000,3392.35781
153486.935911,1000,3396.566094
153925.349712,1000,3402.64777
153521.690357,1000,3406.839137
153591.686221,1000,3411.268327
154328.526486,1000,3417.843912
149963.103313,1000,3422.547607
133949.869265,1000,3428.103256
153569.259598,1000,3432.596239
153735.716529,1000,3438.070459
102420.632971,1000,3442.510551
152652.246451,1000,3450.462875
153690.898044,1000,3454.843187
145303.411106,1000,3461.648947
153812.3463,1000,3465.380336
153696.407139,1000,3472.22045
153046.235113,1000,3476.3847
153536.523476,1000,3483.320014
153269.374469,1000,3488.11313
152985.518701,1000,3493.966274
154143.487377,1000,3497.638596
153846.204566,1000,3504.207356
124398.636272,1000,3508.498996
136068.174348,1000,3516.278812
115980.432978,1000,3520.616826
153173.554456,1000,3526.75984
153379.429981,1000,3530.482845
152454.308815,1000,3537.977685
153032.172106,1000,3542.819265
152528.700114,1000,3549.306368
153285.869305,1000,3553.558492
153583.765382,1000,3559.994371
117797.428546,1000,3565.332173
153474.778502,1000,3571.860442
153682.954882,1000,3577.608254
152444.48695,1000,3584.659108
154517.248149,1000,3588.798483
154040.140994,1000,3595.755643
153507.543052,1000,3599.550781
153793.541859,1000,3605.709688
153491.961189,1000,3609.595081
154377.403641,1000,3615.60932
154054.538443,1000,3619.376737
153487.814557,1000,3625.80033
153683.265053,1000,3629.840092
153856.716075,1000,3635.521183
153049.533367,1000,3639.668458
153992.796791,1000,3643.144404
154066.612712,1000,3648.970498
132394.070357,1000,3652.943508
154456.347615,1000,3659.404529
109601.492694,1000,3663.874856
153560.526548,1000,3670.225424
153264.131205,1000,3674.67039
153633.192844,1000,3679.58777
153672.273384,1000,3683.902513
153652.165903,1000,3691.238708
153579.619071,1000,3695.394325
153067.955932,1000,3702.694143
152839.762511,1000,3706.891294
154201.616302,1000,3715.115316
153608.647081,1000,3719.186977
153893.417921,1000,3724.112549
153293.642175,1000,3728.048343
153910.212425,1000,3734.66144
152936.850023,1000,3738.54556
153912.530066,1000,3745.610373
154165.612728,1000,3749.540601
154085.471163,1000,3755.621859
154047.719955,1000,3759.909576
153360.242237,1000,3765.392109
153446.015449,1000,3769.184399
153549.20537,1000,3776.119467
154041.727919,1000,3780.254184
153308.436057,1000,3786.486243
154295.383573,1000,3790.411769
118127.593918,1000,3797.12929
99810.436439,1000,3801.687526
153719.659885,1000,3808.031899
154178.29663,1000,3811.742194
153332.890716,1000,3817.765992
153058.243563,1000,3821.804269
153253.50754,1000,3828.317774
153448.25125,1000,3832.103421
153948.534755,1000,3838.53786
103983.284719,1000,3843.180087
154112.672738,1000,3849.110634
154177.76929,1000,3852.613677
153558.340033,1000,3859.219263
153590.026909,1000,3863.049229
101479.880336,1000,3867.229388
107040.261971,1000,3874.126712
153875.190511,1000,3877.698102
98618.088945,1000,3884.131186
153090.684883,1000,3887.849518
153148.093767,1000,3893.350021
153542.828757,1000,3897.281994
153896.556126,1000,3904.672223
153601.387726,1000,3908.57278
153618.225803,1000,3915.086896
154007.896776,1000,3919.044383
153173.284122,1000,3924.830041
91049.09894,1000,3929.135359
153100.547595,1000,3935.156616
153615.938951,1000,3939.357977
153688.000755,1000,3945.385195
130377.988423,1000,3949.694039
85175.364955,1000,3955.610823
153553.184522,1000,3959.864927
152635.616701,1000,3966.370544
152056.836226,1000,3970.422589
153773.654412,1000,3977.559652
87055.519762,1000,3981.699764
153281.107217,1000,3988.242649
152980.603674,1000,3992.045477
154072.708483,1000,3998.856768
153407.737525,1000,4003.431712
153877.916316,1000,4009.76631
153160.306238,1000,4014.494075
152749.938214,1000,4020.908919
152044.302808,1000,4025.417449
102127.640434,1000,4031.97099
153023.286231,1000,4036.027008
85100.515976,1000,4042.420636
152325.518461,1000,4046.714638
152247.758008,1000,4053.136734
96710.887462,1000,4058.481421
153351.337218,1000,4064.972165
96728.729303,1000,4069.632966
150927.8828,1000,4076.107877
153837.430005,1000,4080.218527
93235.913824,1000,4086.556166
152651.455788,1000,4090.689776
153646.056038,1000,4094.774679
124362.208922,1000,4101.194913
127975.553441,1000,4105.419984
152693.19325,1000,4112.010926
153830.576054,1000,4116.268712
154051.796302,1000,4122.384137
152837.748676,1000,4127.017429
151914.952495,1000,4132.874874
134384.777916,1000,4136.968098
99300.250324,1000,4143.180853
89206.995595,1000,4147.559274
153471.116543,1000,4153.201723
151600.857669,1000,4157.147334
150298.21841,1000,4163.903373
152692.853201,1000,4167.78986
153199.591472,1000,4174.504758
153745.023762,1000,4178.184725
151258.037428,1000,4184.842445
119676.47923,1000,4189.38842
153935.645002,1000,4195.10704
153679.938279,1000,4199.262325
152692.460082,1000,4205.570291
130565.893494,1000,4209.943639
153785.185498,1000,4215.380927
75473.046603,1000,4219.120823
152068.949543,1000,4225.344088
153454.298533,1000,4229.286652
152541.246069,1000,4235.583841
152740.400641,1000,4239.622115
154154.363042,1000,4245.485415
102920.592738,1000,4249.377404
154247.603471,1000,4255.953063
153365.967674,1000,4260.238408
153807.720722,1000,4266.195757
153444.430803,1000,4270.339573
154335.224883,1000,4275.946516
154232.903883,1000,4279.846149
112328.512687,1000,4286.601992
117784.502505,1000,4290.598499
154097.276073,1000,4296.641158
137079.052387,1000,4300.876965
154038.340657,1000,4306.918324
114380.919608,1000,4311.467028
154048.567675,1000,4315.833463
85085.818424,1000,4321.82175
154745.166537,1000,4325.728104
154653.12851,1000,4332.065912
153697.550565,1000,4336.211648
154555.860398,1000,4342.298725
154042.587014,1000,4346.632015
122198.951241,1000,4352.140666
154909.465938,1000,4356.195598
154545.583035,1000,4361.967086
145998.780554,1000,4365.767193
152236.239862,1000,4373.517089
102561.626103,1000,4377.988002
153216.348365,1000,4383.463921
153373.975795,1000,4387.090173
154460.02136,1000,4394.027766
104823.211688,1000,4398.382133
130188.931537,1000,4403.92658
153826.363021,1000,4407.945276
154430.431754,1000,4413.67051
154102.236666,1000,4417.016992
141126.590431,1000,4424.688691
119307.906027,1000,4428.921127
153654.525383,1000,4435.010464
105494.413443,1000,4438.882034
153814.975685,1000,4445.424301
153759.582425,1000,4448.676986
153305.934239,1000,4456.480683
155113.584771,1000,4460.371677
154238.60075,1000,4466.806094
154605.775615,1000,4471.054579
100709.897713,1000,4476.881913
89763.749539,1000,4480.649715
105241.617648,1000,4487.147506
106339.192386,1000,4491.398507
153775.466316,1000,4497.368937
153857.133554,1000,4501.378429
154194.580333,1000,4507.490002
154658.328188,1000,4511.603947
154518.333964,1000,4517.651202
152807.635018,1000,4522.023307
99646.709632,1000,4528.633442
154470.937114,1000,4532.63414
102358.062016,1000,4537.133075
153960.073094,1000,4542.52054
100771.029046,1000,4547.148255
153604.534896,1000,4552.953807
151815.936254,1000,4556.814185
153362.891581,1000,4563.30373
153346.782374,1000,4567.653023
98573.016151,1000,4573.539043
154020.994361,1000,4577.302109
153584.717199,1000,4583.437791
151800.979159,1000,4587.683768
153830.113101,1000,4594.009923
153140.803299,1000,4597.925848
154212.380657,1000,4604.158283
152579.877746,1000,4607.599597
152711.456304,1000,4613.586257
153428.45475,1000,4617.078496
123718.498707,1000,4625.347185
111272.297482,1000,4631.5228
154443.188241,1000,4639.200785
153885.101512,1000,4643.709044
154396.178942,1000,4650.557435
154469.59177,1000,4654.420234
88668.354731,1000,4660.297058
115210.424604,1000,4665.06347
153798.199252,1000,4671.256854
154448.270306,1000,4675.374258
144726.059607,1000,4682.03056
114227.205966,1000,4686.967779
154227.296536,1000,4693.002586
152609.533678,1000,4697.368336
114422.539625,1000,4702.832566
150004.815965,1000,4707.415927
153984.511193,1000,4713.121732
154113.155703,1000,4717.130708
112145.888673,1000,4722.948758
112715.245782,1000,4726.924661
110219.481764,1000,4733.273726
153744.984119,1000,4737.696946
154239.083515,1000,4743.338626
153994.453182,1000,4746.945816
152259.376622,1000,4750.713613
152382.354485,1000,4757.759063
153867.86244,1000,4761.666691
110102.22016,1000,4768.192408
118022.196954,1000,4772.46401
148711.087276,1000,4778.586723
153661.737329,1000,4782.660272
154171.109205,1000,4789.042932
153716.150893,1000,4793.058371
93268.672246,1000,4799.525421
126162.649658,1000,4804.139548
154128.422229,1000,4809.74203
153048.849684,1000,4814.171649
153706.664902,1000,4819.689246
151772.4084,1000,4824.17642
133761.55043,1000,4830.258037
153481.712463,1000,4833.6929
153940.082371,1000,4840.855741
153626.679079,1000,4844.674949
152704.754458,1000,4850.740693
152561.680581,1000,4854.701217
137023.461027,1000,4861.574067
145309.313068,1000,4866.140326
119518.887568,1000,4871.824934
101905.71881,1000,4876.094312
152208.165025,1000,4882.331107
153160.327757,1000,4886.459968
154679.300643,1000,4892.234643
108915.153207,1000,4896.882308
154223.608039,1000,4902.784556
114520.941371,1000,4907.20175
153081.615183,1000,4912.702164
153918.872322,1000,4916.869645
153688.608733,1000,4923.463254
136580.395654,1000,4927.297723
153878.093692,1000,4933.544679
154184.109621,1000,4937.260938
154344.256999,1000,4944.07505
153715.696814,1000,4948.120175
151958.340746,1000,4954.440989
135407.679602,1000,4958.692423
152792.806666,1000,4964.770298
153423.901676,1000,4968.416195
153441.627648,1000,4972.310361
143450.558894,1000,4979.627194
154279.27065,1000,4984.297661
148008.715464,1000,4991.018873
86775.84213,1000,4995.047869
152537.392488,1000,5001.277587
153863.223914,1000,5005.711299
154218.143357,1000,5011.905814
152191.791922,1000,5016.288737
153970.378199,1000,5021.485374
153165.305527,1000,5025.505388
137649.278367,1000,5032.226249
117304.504521,1000,5037.035285
149755.727834,1000,5043.060663
153074.195888,1000,5046.756143
94374.593089,1000,5053.347
144491.823715,1000,5057.693821
150562.321235,1000,5062.966609
154371.028939,1000,5066.930594
154268.7949,1000,5074.137977
153380.665744,1000,5078.058195
151982.248667,1000,5084.052499
131908.593796,1000,5088.132275
154267.315286,1000,5094.07877
152665.359839,1000,5098.483313
150476.065594,1000,5104.287108
86408.202051,1000,5108.474225
105121.641841,1000,5114.701693
153607.34052,1000,5118.517502
153448.641635,1000,5124.845975
151142.663865,1000,5128.880175
93431.084749,1000,5135.688799
152697.068376,1000,5139.737889
153642.44617,1000,5145.633861
151659.508472,1000,5149.885196
85798.417113,1000,5156.335206
152328.532516,1000,5160.835639
153674.476448,1000,5166.375
154201.429542,1000,5170.327315
152472.474075,1000,5176.464913
153982.440758,1000,5180.579526
151975.259008,1000,5186.765548
123578.687317,1000,5190.153352
110173.254493,1000,5194.664052
100478.8321,1000,5201.365225
151093.385122,1000,5205.594372
153160.279521,1000,5211.362898
153924.04451,1000,5215.800574
145012.462152,1000,5221.699835
152653.233113,1000,5226.027097
154019.601455,1000,5231.599772
153969.530383,1000,5235.690408
153993.127071,1000,5242.060899
153014.062455,1000,5246.67689
116614.56569,1000,5252.261399
152937.85148,1000,5256.093793
153435.163355,1000,5261.624487
153057.409208,1000,5266.275517
82921.672318,1000,5272.268411
153012.094915,1000,5276.266047
152934.696107,1000,5282.118559
146001.136789,1000,5286.097931
154760.987501,1000,5292.295336
153662.408932,1000,5296.39151
153600.911775,1000,5302.472862
152948.310264,1000,5306.696069
153200.924325,1000,5312.42052
152997.252229,1000,5316.119155
154255.420137,1000,5322.864065
153865.122066,1000,5326.460809
132115.325173,1000,5334.067248
124144.883304,1000,5337.97346
154488.310598,1000,5344.184411
136617.783026,1000,5348.583313
153675.597547,1000,5354.554454
153163.136864,1000,5358.345703
152473.814881,1000,5365.280771
154430.171516,1000,5369.443582
151629.589492,1000,5375.239913
117588.747678,1000,5379.470219
126777.281988,1000,5385.479337
154091.99401,1000,5389.407513
152684.812682,1000,5395.760469
99165.401431,1000,5400.178481
153226.947115,1000,5406.175885
152684.757672,1000,5409.981193
153870.80726,1000,5414.046169
153452.375797,1000,5420.493504
128879.306031,1000,5424.359185
118119.75629,1000,5430.74547
153791.237466,1000,5435.503478
154166.97599,1000,5441.094861
109032.530497,1000,5445.520863
154123.417502,1000,5451.657354
153022.807817,1000,5456.150211
153190.945044,1000,5462.458673
137475.979263,1000,5465.959268
154730.749807,1000,5472.879694
152817.72676,1000,5476.845477
152398.4621,1000,5482.712474
136910.818617,1000,5487.491795
154268.723689,1000,5492.744047
153336.120112,1000,5496.567175
153299.420051,1000,5503.164279
152133.974348,1000,5506.668522
153995.057702,1000,5513.283982
154464.253487,1000,5517.612374
109053.560534,1000,5523.44248
154019.353516,1000,5527.135892
153727.096234,1000,5533.256847
154802.399097,1000,5537.397301
153371.65667,1000,5543.420843
154780.864352,1000,5547.836847
153343.039423,1000,5553.828836
152859.009624,1000,5558.066098
120489.524522,1000,5563.853131
154225.649938,1000,5567.597341
153416.534631,1000,5575.697315
152515.509783,1000,5579.757176
153178.489535,1000,5585.418615
144933.172655,1000,5589.51813
153059.366203,1000,5595.732322
113234.578849,1000,5600.033622
73942.906477,1000,5606.852907
154078.790454,1000,5611.267102
151931.095201,1000,5616.871766
153436.992841,1000,5621.076138
152398.755182,1000,5626.820721
152270.050157,1000,5631.1479
152881.022283,1000,5635.177463
153045.555919,1000,5641.642261
153380.540872,1000,5645.15146
87730.270686,1000,5651.951662
154332.868705,1000,5656.245063
152840.877162,1000,5661.852294
152849.18719,1000,5666.571779
152286.650742,1000,5671.902653
152494.361791,1000,5675.363494
151973.10783,1000,5682.097966
155541.76295,1000,5685.499565
153336.837971,1000,5693.424724
152641.819754,1000,5698.547356
121589.721997,1000,5704.931092
134874.358882,1000,5709.079078
154794.211845,1000,5714.473657
153355.591986,1000,5718.24276
121795.922787,1000,5725.810426
152603.175712,1000,5729.568538
153672.567003,1000,5734.824873
153048.432587,1000,5739.251073
103518.559893,1000,5745.257542
152788.868864,1000,5749.024315
152983.14665,1000,5755.270167
151890.211124,1000,5759.271545
152438.266303,1000,5765.404917
154226.871806,1000,5769.210656
153475.676625,1000,5775.2362
152442.845239,1000,5779.348169
133680.187308,1000,5785.621467
155279.536119,1000,5789.816107
153134.72586,1000,5795.408797
153144.583193,1000,5799.07243
152507.797122,1000,5805.595897
153205.483425,1000,5809.642768
153507.051517,1000,5816.142801
152245.122562,1000,5820.413364
152704.529279,1000,5826.161192
152650.219019,1000,5830.523448
152894.673398,1000,5836.079257
152231.500203,1000,5839.909839
152483.852654,1000,5846.085826
154780.857896,1000,5850.040235
153866.943046,1000,5855.04355
153306.392476,1000,5862.008495
152521.370802,1000,5866.291755
153357.48453,1000,5873.111128
90375.763621,1000,5878.075132
153652.691745,1000,5883.70672
152422.579004,1000,5887.647666
153454.595571,1000,5893.345773
153585.494157,1000,5897.550087
121204.97835,1000,5903.508458
152617.448239,1000,5907.76776
153526.93684,1000,5915.709108
110606.755965,1000,5919.698153
153772.05026,1000,5926.22407
93510.408173,1000,5930.794453
143389.19503,1000,5936.8304
152505.45656,1000,5941.019286
153082.519463,1000,5946.920098
152835.297677,1000,5950.744924
152113.164263,1000,5956.623739
101477.611799,1000,5960.839894
153619.261481,1000,5967.000794
133904.110728,1000,5970.992909
153276.736963,1000,5977.014791
112677.94134,1000,5981.186155
153025.040859,1000,5987.26054
102966.344799,1000,5991.21764
115422.923271,1000,5998.048862
143891.910613,1000,6002.509105
117371.601296,1000,6008.460657
152580.520803,1000,6012.164635
83309.183149,1000,6019.00386
152797.539629,1000,6022.845145
152842.828553,1000,6029.566859
143528.591724,1000,6033.818667
152607.516266,1000,6039.798217
153746.743359,1000,6044.050596
121421.011094,1000,6049.981665
152904.342439,1000,6054.045871
152747.434084,1000,6060.434384
152748.806098,1000,6064.448252
153023.404671,1000,6068.356098
152396.259273,1000,6074.846201
153431.666478,1000,6078.65933
153146.957478,1000,6083.586839
154157.971164,1000,6087.51996
153070.542021,1000,6093.95532
152984.77443,1000,6097.941025
83489.851383,1000,6104.466045
153488.215128,1000,6108.403144
153374.338035,1000,6114.450789
153456.331549,1000,6118.380983
153089.204876,1000,6124.792216
154200.846746,1000,6128.494381
154622.221726,1000,6135.091719
154043.476618,1000,6139.743161
153023.363846,1000,6145.098814
154487.118059,1000,6148.522381
153031.692029,1000,6156.505755
153927.377127,1000,6161.299834
153060.608928,1000,6167.305727
153712.72039,1000,6171.671122
153681.586859,1000,6178.47003
138266.017766,1000,6183.14528
154250.220664,1000,6190.562037
153399.754893,1000,6194.200503
89122.146603,1000,6200.817684
153762.889592,1000,6204.484843
153727.52256,1000,6210.680305
152995.48307,1000,6214.462569
143437.37237,1000,6221.224376
153597.330701,1000,6225.752989
153052.250707,1000,6231.760939
153416.781545,1000,6236.052536
153100.382651,1000,6241.756986
153976.27494,1000,6245.170009
147479.411763,1000,6252.047429
154692.604619,1000,6256.168976
152008.249183,1000,6261.999262
153351.346973,1000,6266.332917
155070.24988,1000,6272.580906
153228.350486,1000,6276.633219
153718.749371,1000,6282.855544
153090.688295,1000,6286.778499
153032.177272,1000,6291.05864
143282.549559,1000,6297.000613
153563.023304,1000,6301.109726
152968.183685,1000,6306.686173
152740.743398,1000,6310.505721
153240.776136,1000,6317.236093
152349.933898,1000,6321.208126
151183.849218,1000,6327.269857
139677.009731,1000,6331.143792
155048.593432,1000,6337.213923
153228.873289,1000,6340.484965
153629.922337,1000,6347.714372
151939.087812,1000,6351.805025
154403.94527,1000,6357.843821
152155.764571,1000,6362.417883
154710.196643,1000,6368.212392
112271.666256,1000,6372.740274
153860.789415,1000,6377.969903
153417.774304,1000,6381.792264
132005.201231,1000,6389.327879
106959.242529,1000,6393.337788
148803.822102,1000,6398.825647
131106.255172,1000,6404.000104
153493.750696,1000,6410.24939
153145.071003,1000,6414.215777
153837.022193,1000,6420.608354
102164.366128,1000,6425.444866
154805.989303,1000,6431.128605
126917.501249,1000,6435.504056
153081.12545,1000,6440.995673
153661.946868,1000,6444.752459
152519.500732,1000,6451.647829
154202.683599,1000,6455.099437
153157.717824,1000,6461.993859
91420.833874,1000,6466.746781
153104.426156,1000,6472.565699
153694.339325,1000,6477.054994
154557.665993,1000,6483.801837
91644.55709,1000,6488.770445
105319.731634,1000,6494.50321
154015.441492,1000,6498.27432
153516.187698,1000,6504.59609
153298.547403,1000,6509.225133
152175.414525,1000,6513.618982
129433.453209,1000,6519.503549
150276.837792,1000,6523.728364
153975.820479,1000,6528.784804
153375.314954,1000,6533.280447
153971.314651,1000,6540.34059
153510.329008,1000,6545.051421
153857.11663,1000,6550.494309
154148.492503,1000,6555.25646
153544.868205,1000,6563.265904
153670.144898,1000,6567.502305
153377.842644,1000,6572.946422
153231.05013,1000,6577.097036
154609.062092,1000,6582.877644
134498.646791,1000,6587.297103
153316.465215,1000,6593.176035
154001.503527,1000,6597.271108
153324.991796,1000,6603.568846
154722.059696,1000,6607.639921
153801.80933,1000,6613.39982
153487.784019,1000,6617.863207
153897.963037,1000,6623.396589
152951.532578,1000,6627.762225
153444.693268,1000,6634.141861
154513.511968,1000,6638.329114
72515.844251,1000,6643.959265
148868.369836,1000,6647.7675
155134.643134,1000,6654.881961
153815.382685,1000,6658.736815
153640.424281,1000,6665.32514
152687.833295,1000,6669.323608
153473.467469,1000,6675.329983
154726.893378,1000,6679.037614
154125.101816,1000,6685.436505
154722.454444,1000,6689.423052
154035.818254,1000,6695.369601
152384.753054,1000,6699.898547
153616.262797,1000,6705.647136
154022.096856,1000,6709.557605
153571.399802,1000,6715.801443
153971.899673,1000,6719.775953
123237.483285,1000,6726.37867
152850.037356,1000,6730.451956
153851.062853,1000,6734.541017
153827.809238,1000,6740.298095
153291.264808,1000,6744.283248
153149.335232,1000,6751.168228
153659.166807,1000,6755.155336
154221.013135,1000,6760.858831
153868.676033,1000,6765.315385
152952.180882,1000,6771.911654
153374.535738,1000,6776.654885
153383.492338,1000,6781.886363
153067.545418,1000,6785.775808
153135.879308,1000,6792.872953
153356.070993,1000,6797.061625
152951.141525,1000,6802.685311
131013.84088,1000,6807.639421
153388.917981,1000,6812.926519
153697.700321,1000,6817.189066
107784.434887,1000,6823.742635
153849.358172,1000,6827.525639
138249.544968,1000,6834.025519
153416.964422,1000,6838.112003
153406.411767,1000,6845.035182
153781.457191,1000,6849.001817
152714.569876,1000,6855.109158
153271.97271,1000,6859.184257
153774.881472,1000,6865.906315
153950.750308,1000,6869.965902
130574.538247,1000,6876.210798
153542.822862,1000,6880.587039
150526.786909,1000,6886.58147
152949.021164,1000,6890.616732
154302.402048,1000,6896.607061
153598.933568,1000,6900.22197
153407.768627,1000,6906.937047
154332.802641,1000,6911.129912
153542.866413,1000,6916.950841
153964.122686,1000,6921.439274
153722.937855,1000,6927.247144
154407.750137,1000,6931.603014
154392.456806,1000,6937.442479
153604.57638,1000,6941.106973
153678.027936,1000,6947.91346
151428.178374,1000,6951.86498
153893.403624,1000,6956.645097
149938.493652,1000,6962.295071
151108.254479,1000,6966.487415
153195.587996,1000,6973.208727
153251.904176,1000,6977.154828
154058.01834,1000,6983.457479
153188.158697,1000,6987.725929
153521.92909,1000,6993.985999
153667.042428,1000,6997.601641
98086.882641,1000,7004.517988
153671.128854,1000,7008.751909
154283.835546,1000,7013.92787
153026.71545,1000,7018.82483
153712.853997,1000,7024.665941
153816.951648,1000,7028.93625
153781.624464,1000,7034.505117
150097.353895,1000,7038.560124
152528.08745,1000,7044.498325
154431.888452,1000,7048.528691
153889.540969,1000,7055.026022
153708.967002,1000,7058.896934
153699.659985,1000,7065.244347
154486.269686,1000,7069.676063
154780.263267,1000,7075.783887
153386.595926,1000,7079.815395
151978.141002,1000,7085.768646
153910.398971,1000,7090.150384
153227.579703,1000,7096.118561
153938.095525,1000,7100.590913
154603.12897,1000,7107.904114
153422.368307,1000,7112.59824
153589.465713,1000,7118.971774
153722.568123,1000,7123.165903
149324.662847,1000,7129.130483
154021.441435,1000,7132.530483
154060.565106,1000,7139.990123
110917.180012,1000,7144.29769
153569.80298,1000,7149.800171
154577.660924,1000,7154.382529
118811.931904,1000,7160.425777
154197.260833,1000,7164.329489
154257.655933,1000,7170.453315
154110.38416,1000,7174.650521
153271.202901,1000,7178.561545
122994.731309,1000,7184.962163
154603.309261,1000,7188.769175
146871.449392,1000,7194.739935
154083.403849,1000,7199.350101
154405.437422,1000,7205.22104
154498.810096,1000,7209.525889
153847.400686,1000,7215.854808
154316.652163,1000,7220.296163
100838.477652,1000,7227.125489
153890.468442,1000,7231.607615
153653.140542,1000,7237.4161
153106.109503,1000,7240.948987
153929.046451,1000,7246.692248
74926.222625,1000,7251.147059
129512.146286,1000,7258.092818
153556.419358,1000,7262.096999
154219.242302,1000,7268.89231
153879.478186,1000,7272.740752
151485.802149,1000,7278.437214
153646.647538,1000,7282.444813
152567.080581,1000,7289.589781
153825.039159,1000,7293.421759
153446.219732,1000,7300.406673
154631.901818,1000,7304.627695
153664.27838,1000,7310.373277
153882.876596,1000,7314.064292
134729.546596,1000,7320.97858
154546.828673,1000,7325.987639
153417.293499,1000,7332.619921
152729.843395,1000,7336.533779
154161.599164,1000,7342.184685
153781.577732,1000,7346.300954
153400.70157,1000,7352.749137
153627.347309,1000,7356.822926
153552.99839,1000,7362.713866
153536.149528,1000,7366.565214
154074.49342,1000,7373.020524
153422.650298,1000,7377.458416
153385.267406,1000,7383.488602
154452.010718,1000,7387.428203
154940.145759,1000,7391.494863
153369.675973,1000,7397.3263
152873.134755,1000,7401.118786
131067.278497,1000,7407.938334
104619.076274,1000,7412.219649
154161.132261,1000,7417.851006
154413.774889,1000,7421.639313
154190.511304,1000,7428.086722
142289.866221,1000,7432.210607
153783.51423,1000,7437.542489
154579.413312,1000,7441.274463
153878.377188,1000,7448.359987
127360.930111,1000,7452.887335
154014.250269,1000,7458.656382
133936.049439,1000,7462.297737
153375.366613,1000,7468.984995
153166.618127,1000,7472.905298
153721.081141,1000,7480.179217
153912.022607,1000,7483.743123
153725.086094,1000,7489.393211
154033.621098,1000,7493.196756
154406.839204,1000,7499.886428
154543.268241,1000,7503.803715
131833.81762,1000,7511.015599
94916.458686,1000,7514.848974
154083.214401,1000,7520.743858
107440.281842,1000,7524.844748
129791.917297,1000,7531.427848
154640.917877,1000,7535.525017
154560.839546,1000,7541.652879
149328.689586,1000,7545.884407
136967.170696,1000,7551.834444
154005.597881,1000,7556.760899
153745.259194,1000,7563.816808
154095.331004,1000,7568.169397
153701.651128,1000,7574.453107
154226.891995,1000,7578.376547
153821.180185,1000,7584.174319
152510.876606,1000,7588.602541
153949.614183,1000,7594.567815
153938.799483,1000,7598.101769
155104.110707,1000,7604.371914
154986.906829,1000,7608.477532
153986.695587,1000,7612.555007
154848.662157,1000,7618.942534
154011.305541,1000,7622.973694
154397.077028,1000,7628.513548
154321.860724,1000,7632.273864
154452.682459,1000,7638.856012
154275.616534,1000,7642.783407
153987.841027,1000,7649.000103
154495.199791,1000,7653.307572
154572.990072,1000,7659.433185
154300.163582,1000,7663.953271
154078.055341,1000,7670.033074
152645.056987,1000,7674.256651
154685.296707,1000,7680.764954
154526.041214,1000,7684.449802
113179.063699,1000,7691.365048
154557.768246,1000,7694.952519
152599.858679,1000,7701.042551
153781.338725,1000,7705.58955
150446.597496,1000,7711.499113
89083.413841,1000,7715.89069
154063.012873,1000,7722.701917
152773.456955,1000,7726.705642
129228.318318,1000,7732.235458
152833.459335,1000,7736.215399
154245.415243,1000,7743.70526
154352.10154,1000,7748.820789
150804.836178,1000,7754.542449
154964.315422,1000,7758.649822
154836.034006,1000,7764.643306
152289.283148,1000,7768.894196
153934.361819,1000,7775.337004
148130.800819,1000,7779.376932
154674.281826,1000,7785.299709
154421.57347,1000,7789.211149
154011.264654,1000,7795.845857
148582.574155,1000,7799.474786
154797.119276,1000,7805.942758
152755.406958,1000,7809.312072
150433.202715,1000,7815.688341
141162.767477,1000,7819.874034
154702.135942,1000,7826.047632
153440.262958,1000,7829.752038
154219.720102,1000,7834.209235
154205.104368,1000,7840.479788
154165.71713,1000,7844.104534
154183.25951,1000,7850.43903
154499.677327,1000,7854.999386
154011.841271,1000,7860.747307
154454.50314,1000,7864.714089
154239.381766,1000,7870.85718
154524.553205,1000,7874.767212
153473.878104,1000,7881.708176
154164.401001,1000,7886.233105
154176.890212,1000,7892.401292
100266.096726,1000,7897.900608
153756.48082,1000,7904.015796
154312.258106,1000,7907.680192
154558.108759,1000,7915.28508
154554.040894,1000,7919.398496
153990.837091,1000,7925.363109
154819.834812,1000,7929.63214
155056.454113,1000,7935.609255
154486.017463,1000,7940.077391
154152.073695,1000,7945.844663
154477.671955,1000,7950.350698
105927.58764,1000,7957.010592
153875.033596,1000,7961.019123
150389.534927,1000,7966.84392
150085.517899,1000,7971.219055
153589.115633,1000,7977.199118
154083.753324,1000,7981.457064
118543.721852,1000,7988.267952
153937.812667,1000,7993.038266
153784.140022,1000,7999.434462
153872.391493,1000,8003.258473
154216.672166,1000,8009.222013
146266.407586,1000,8013.703333
150580.418185,1000,8019.813887
154198.993367,1000,8023.549771
154072.137819,1000,8030.016127
153770.318183,1000,8034.146759
154862.839564,1000,8040.570845
153915.570343,1000,8044.721711
154604.353496,1000,8051.285376
154950.361949,1000,8055.322144
149957.505997,1000,8059.164375
153768.409268,1000,8064.953526
154395.564189,1000,8069.22752
116409.876807,1000,8075.273369
154408.854165,1000,8078.714132
154319.823584,1000,8085.947092
153000.695537,1000,8089.990159
153382.335622,1000,8096.382907
154513.716199,1000,8100.153185
152671.478163,1000,8105.45603
153624.791042,1000,8109.902901
154241.872495,1000,8117.730828
153935.870431,1000,8122.538802
74529.111757,1000,8132.266538
155049.053818,1000,8136.310205
154687.14656,1000,8142.044646
88649.677207,1000,8146.267756
154480.647584,1000,8152.333031
111488.513863,1000,8156.874061
154784.18793,1000,8162.235134
154700.905026,1000,8166.214312
154541.197931,1000,8172.700858
153869.126715,1000,8176.458175
150634.313435,1000,8182.458179
138412.018014,1000,8187.019955
153836.480355,1000,8193.0061
94149.031135,1000,8197.329106
153664.766589,1000,8203.257204
154515.506834,1000,8207.666162
154228.707436,1000,8213.835405
154528.829662,1000,8217.676528
104431.641254,1000,8225.564817
155010.551984,1000,8229.604369
154610.029134,1000,8235.188057
154157.924043,1000,8239.260852
127074.509562,1000,8245.757001
105996.976608,1000,8249.919389
106335.044115,1000,8256.148638
117683.366337,1000,8260.786013
111962.142458,1000,8266.685541
153106.534869,1000,8270.898202
105947.05226,1000,8277.441749
152609.972677,1000,8281.407153
143443.878542,1000,8285.54803
90619.788991,1000,8293.215599
154994.151262,1000,8297.184371
134531.635393,1000,8303.646346
154433.925945,1000,8307.471502
154446.343212,1000,8313.629713
154002.324182,1000,8317.862451
152629.413034,1000,8324.17283
142433.09297,1000,8327.945121
153733.031957,1000,8334.199325
154789.333773,1000,8338.53495
151954.528958,1000,8344.529349
153254.068465,1000,8348.307369
150559.565124,1000,8355.53314
140100.889847,1000,8359.816169
154936.973276,1000,8366.867424
153809.065421,1000,8371.526599
120155.130946,1000,8378.007779
150887.69553,1000,8381.928384
151697.013078,1000,8388.553258
154299.106622,1000,8392.774115
153924.311525,1000,8399.363559
152532.41083,1000,8403.705045
153971.865457,1000,8410.610431
154496.30573,1000,8414.927363
154995.273099,1000,8420.319293
111937.478497,1000,8424.540853
153923.735456,1000,8430.983998
152837.500649,1000,8435.279948
154482.198473,1000,8441.240373
155629.007032,1000,8445.816245
155000.353805,1000,8451.468839
154725.900878,1000,8456.353227
154537.387401,1000,8462.178815
120275.955397,1000,8465.798682
142592.47347,1000,8472.617138
153034.236082,1000,8476.321985
154559.155839,1000,8482.576652
153837.209091,1000,8486.407182
154673.698704,1000,8493.284433
154686.829372,1000,8497.240766
154624.442193,1000,8503.44663
152633.039202,1000,8507.714641
153844.225498,1000,8511.812502
154734.194555,1000,8517.596985
154715.578158,1000,8521.589266
153764.074732,1000,8527.959308
153056.065168,1000,8532.172849
154419.754625,1000,8538.345509
154713.012045,1000,8542.049619
117869.766684,1000,8549.262132
154979.423278,1000,8553.36571
152718.397759,1000,8558.968395
155577.823443,1000,8562.864155
153624.800624,1000,8568.854342
154622.041411,1000,8573.408336
154509.018329,1000,8579.543625
154111.529465,1000,8583.245901
155396.715997,1000,8590.045717
154305.287205,1000,8593.909308
154965.189623,1000,8600.156385
154861.885263,1000,8604.108081
155871.452695,1000,8610.653486
153935.23375,1000,8614.257269
154376.218724,1000,8621.306507
154607.326312,1000,8625.034571
144295.569353,1000,8631.427639
154219.983835,1000,8635.520273
155392.266268,1000,8642.030014
154050.131326,1000,8646.573112
155012.485848,1000,8652.441631
154139.724232,1000,8656.517851
142202.435891,1000,8662.504744
153747.89946,1000,8666.785812
153817.815084,1000,8672.402769
153662.756239,1000,8676.348937
154286.836788,1000,8682.364764
111316.065965,1000,8686.761099
155086.110392,1000,8692.531706
155329.270327,1000,8696.792098
127299.946391,1000,8702.73616
106576.363498,1000,8707.202634
129259.469156,1000,8713.036699
154285.41426,1000,8717.149365
153869.851848,1000,8720.895821
154491.074021,1000,8727.677967
154631.910447,1000,8731.558885
154999.325452,1000,8737.156745
148908.530658,1000,8741.181957
154418.406195,1000,8747.641206
154697.085326,1000,8751.520605
154255.979028,1000,8758.017989
154760.359822,1000,8762.32475
154331.656944,1000,8767.503407
155173.853541,1000,8771.409945
152749.573317,1000,8778.357974
154726.068386,1000,8781.992254
154478.645936,1000,8789.451697
155065.604099,1000,8793.864972
154981.647714,1000,8799.403535
154616.519759,1000,8803.371821
154120.925886,1000,8809.507629
154610.545197,1000,8813.461047
150623.511857,1000,8819.796913
155762.475276,1000,8824.159186
154399.750292,1000,8830.015147
148645.025184,1000,8834.582304
155340.812542,1000,8840.412907
154746.055715,1000,8844.654254
153723.158465,1000,8851.446091
154069.431149,1000,8855.458721
154265.940436,1000,8861.070798
154765.378331,1000,8865.662462
98609.99465,1000,8872.144607
83685.631953,1000,8877.067083
134314.202974,1000,8882.975308
154635.183785,1000,8887.193081
154394.664631,1000,8893.041799
91439.852145,1000,8897.894339
154400.890451,1000,8903.657837
154097.7523,1000,8908.187973
154454.202361,1000,8913.810776
153419.390659,1000,8917.968146
154390.631513,1000,8923.700823
154793.155099,1000,8927.839057
154047.989785,1000,8933.889344
154887.06717,1000,8938.214037
155028.125689,1000,8941.799264
155475.596444,1000,8948.516765
154773.638669,1000,8953.036826
154447.913587,1000,8958.765581
92406.521,1000,8963.679348
154151.608556,1000,8969.940058
155165.7628,1000,8973.836217
153107.576966,1000,8980.025316
100576.711762,1000,8984.55723
154576.091646,1000,8989.858677
154080.694285,1000,8993.83578
153476.500287,1000,8999.812985
154806.642378,1000,9003.451064
153976.876473,1000,9010.343557
153624.995141,1000,9014.473335
154124.849126,1000,9020.946569
83550.11865,1000,9026.201438
154131.493784,1000,9031.963117
155396.01476,1000,9036.037062
154722.486845,1000,9042.101828
153935.652137,1000,9045.810433
154570.219612,1000,9052.058046
154266.782239,1000,9056.283589
154295.894464,1000,9062.708068
154090.561508,1000,9066.936828
119234.337371,1000,9072.970787
155217.466318,1000,9077.230382
155391.856967,1000,9082.787083
154750.196294,1000,9087.238574
154252.376648,1000,9093.579072
154362.130874,1000,9097.522222
153978.668636,1000,9103.80403
154312.775488,1000,9107.933477
155163.540583,1000,9114.109068
149557.192533,1000,9118.656234
153817.476662,1000,9124.282741
99327.982815,1000,9128.169166
154492.990356,1000,9134.255282
154944.227892,1000,9138.054081
154624.408622,1000,9144.652909
154257.298973,1000,9148.813794
154189.809656,1000,9154.812652
154712.212091,1000,9159.2869
154260.46637,1000,9163.140054
153978.212527,1000,9168.993304
155045.86495,1000,9173.023806
121203.613653,1000,9180.026509
149720.75013,1000,9184.813007
154110.012967,1000,9190.075159
156036.83766,1000,9194.278338
125218.001865,1000,9200.943256
154505.698549,1000,9205.882861
152864.880122,1000,9211.834568
154585.382494,1000,9215.498165
155209.416262,1000,9221.707332
152958.327525,1000,9225.995785
155135.496966,1000,9232.025058
154594.722905,1000,9236.473748
155718.855618,1000,9241.855855
155147.956634,1000,9245.566059
151971.465855,1000,9252.173033
152873.452115,1000,9256.403487
154574.810857,1000,9262.142977
154625.460091,1000,9266.593333
154767.396795,1000,9272.836156
155195.617283,1000,9277.191694
153824.028111,1000,9282.407921
154514.372836,1000,9286.321454
154589.293236,1000,9292.723675
155032.895775,1000,9296.874598
155215.808712,1000,9302.824197
155563.563013,1000,9306.557644
155093.261957,1000,9313.426967
152611.306401,1000,9317.475342
154461.617246,1000,9323.55782
154150.042942,1000,9328.068681
154134.067796,1000,9334.374172
154811.695867,1000,9338.675825
154732.574154,1000,9344.293119
154921.84018,1000,9348.994698
154661.272381,1000,9354.425411
154900.124779,1000,9358.906219
151229.836161,1000,9365.181628
147277.153331,1000,9368.794077
154329.097397,1000,9375.449139
155567.282809,1000,9378.90054
154044.62679,1000,9383.19592
154847.829421,1000,9389.520437
152685.747345,1000,9393.591544
154566.501308,1000,9399.773775
154724.705808,1000,9403.48861
154998.812077,1000,9409.304682
154945.119985,1000,9413.199837
155630.267686,1000,9419.668899
136560.535778,1000,9424.478212
128851.62165,1000,9430.01237
154929.037437,1000,9433.767913
91200.415175,1000,9440.678332
154515.632303,1000,9444.46634
153818.498827,1000,9450.456798
148326.115695,1000,9454.005975
155081.164307,1000,9460.42032
152970.0092,1000,9464.505265
154623.280504,1000,9471.111925
155305.267579,1000,9475.306206
154282.187429,1000,9481.224361
154882.852181,1000,9485.449818
155232.921838,1000,9491.091457
154667.163757,1000,9494.828012
154251.459738,1000,9501.762515
154835.359964,1000,9505.986335
154926.845489,1000,9512.155065
154820.313746,1000,9516.767524
154840.959881,1000,9522.903585
154280.661079,1000,9527.481778
153991.678965,1000,9533.361928
154866.258801,1000,9537.595541
155242.131175,1000,9543.883167
107384.617759,1000,9548.491836
154273.508909,1000,9554.346484
154331.542238,1000,9558.326178
155305.857748,1000,9564.302323
154203.670729,1000,9568.829737
146648.598245,1000,9574.795355
153989.593925,1000,9579.311816
154245.180544,1000,9584.950486
154618.910823,1000,9588.718735
154434.408687,1000,9595.28565
154487.259005,1000,9599.422332
145580.554028,1000,9603.82167
154953.412331,1000,9609.30529
154892.618278,1000,9613.409096
154553.022004,1000,9619.635799
154867.756888,1000,9623.694242
155088.138662,1000,9629.68035
84562.357737,1000,9634.003518
154750.501991,1000,9639.527335
154800.095801,1000,9643.464051
154801.251357,1000,9649.063442
155512.716137,1000,9652.702079
148856.593382,1000,9659.971405
154031.815466,1000,9664.028953
154051.61042,1000,9670.38367
148680.264686,1000,9674.647968
154655.656174,1000,9680.499477
154615.500136,1000,9684.652788
152763.456735,1000,9690.701493
153291.962776,1000,9695.246238
154709.282614,1000,9701.293618
145020.266542,1000,9704.96676
152426.314476,1000,9711.005706
150747.385124,1000,9715.193021
154401.749218,1000,9720.92855
153141.88315,1000,9724.970383
155089.402246,1000,9731.708228
155186.133429,1000,9735.734605
155402.378591,1000,9741.530418
153695.951592,1000,9745.354881
154732.107487,1000,9751.724712
154268.810467,1000,9755.72936
154602.74924,1000,9761.819793
150852.62612,1000,9765.808293
154547.878974,1000,9772.218863
153192.316667,1000,9777.173279
155389.92934,1000,9783.951114
153875.611281,1000,9788.499247
154656.184198,1000,9794.330524
155202.38958,1000,9798.415586
155222.676506,1000,9804.438257
154341.12198,1000,9809.192914
154227.769783,1000,9815.165379
155599.58915,1000,9819.298374
153815.766926,1000,9822.919056
154310.007392,1000,9829.010845
155231.691479,1000,9833.199688
108027.869864,1000,9839.760824
155490.442741,1000,9843.505568
155805.4104,1000,9849.334057
153957.475585,1000,9853.719748
154022.426799,1000,9859.200605
154869.891535,1000,9863.210057
154051.77961,1000,9869.366302
154269.879154,1000,9873.169402
155126.957741,1000,9879.521569
154732.528112,1000,9883.502623
113613.89738,1000,9889.643513
155548.446418,1000,9893.354854
91279.086151,1000,9900.084352
154315.107163,1000,9903.546838
154660.558746,1000,9910.081749
155276.357691,1000,9913.981185
155081.223803,1000,9920.275244
155031.25784,1000,9924.4412
152577.331787,1000,9930.872753
89142.223627,1000,9934.785855
155085.846416,1000,9940.108758
154934.224687,1000,9944.374251
155410.153814,1000,9949.889245
153908.482235,1000,9953.482526
154363.491525,1000,9960.642491
153229.653084,1000,9964.577712
154521.091458,1000,9970.668897
145579.959196,1000,9974.728863
154715.108615,1000,9980.781766
154043.587572,1000,9984.35705
119943.721862,1000,9991.039621
154199.348839,1000,9995.03171
153729.258625,1000,10000.971826
153519.173298,1000,10005.140424
154611.751865,1000,10011.348281
152903.969945,1000,10015.862201
154421.714179,1000,10021.528654
152943.383429,1000,10025.189117
126911.211149,1000,10029.17573
154272.682608,1000,10035.848891
154384.339897,1000,10039.667017
154230.791396,1000,10045.752908
154986.366957,1000,10049.596359
154084.98135,1000,10056.751078
153332.37671,1000,10061.093457
153674.720187,1000,10066.576327
154130.661984,1000,10069.914859
154592.357659,1000,10077.394744
111737.934751,1000,10081.541327
154862.243446,1000,10087.18024
152107.964912,1000,10090.860005
153654.781357,1000,10098.243942
154217.55196,1000,10102.60306
154020.21194,1000,10108.873714
154772.551433,1000,10112.989076
154209.464258,1000,10118.990696
153647.449902,1000,10123.408288
154383.245853,1000,10128.492463
154370.011399,1000,10132.219795
154607.483907,1000,10139.4418
155605.673569,1000,10143.661366
154865.934848,1000,10149.578742
154718.680039,1000,10154.211318
154837.853698,1000,10159.752295
154132.587218,1000,10164.034749
153559.914686,1000,10170.009602
154742.172418,1000,10173.942802
154378.754666,1000,10179.763857
154300.112852,1000,10183.859722
154000.273247,1000,10189.803535
152757.826947,1000,10194.111536
154106.200051,1000,10200.132725
151833.998858,1000,10204.38023
154371.952251,1000,10210.118103
155281.992027,1000,10214.377043
154343.568849,1000,10220.403777
154495.476075,1000,10224.916247
155122.474924,1000,10230.869014
153408.386519,1000,10234.703315
152516.880451,1000,10240.95283
154527.787682,1000,10245.017855
154778.582618,1000,10248.664971
154969.89409,1000,10255.356695
154075.703332,1000,10259.318774
155459.156667,1000,10265.778814
155125.375591,1000,10270.440333
154325.309085,1000,10276.047486
154761.45177,1000,10280.020803
149552.381304,1000,10285.82014
154217.938902,1000,10289.931328
154984.849565,1000,10296.424205
153347.186188,1000,10300.648102
155135.168653,1000,10306.76221
150639.062647,1000,10311.098513
154849.717167,1000,10317.214409
154301.780013,1000,10321.364558
154249.101224,1000,10327.161776
155592.422935,1000,10331.109055
154297.017791,1000,10337.334641
152380.370728,1000,10341.454729
148094.870571,1000,10347.192276
154679.777915,1000,10351.219909
151670.38698,1000,10357.374202
154814.153098,1000,10361.570236
154081.485998,1000,10367.697836
154611.935635,1000,10372.085342
153317.088622,1000,10378.31154
154862.233571,1000,10382.904055
155383.854503,1000,10388.378905
152260.048153,1000,10392.272736
154587.419963,1000,10398.641804
153875.066648,1000,10402.20134
152634.080664,1000,10409.300723
154035.466239,1000,10412.668001
154497.855754,1000,10419.55253
153176.049687,1000,10423.228237
153979.611987,1000,10429.726689
155235.90189,1000,10433.52842
154785.75921,1000,10439.90133
149876.725704,1000,10443.813299
154782.832775,1000,10449.516564
154245.923728,1000,10453.782523
154936.051104,1000,10460.167112
154473.731375,1000,10464.786952
129207.949811,1000,10469.350902
154300.905873,1000,10474.932766
154672.617516,1000,10478.69377
155124.614155,1000,10485.467914
154487.945091,1000,10489.213903
153457.676627,1000,10495.815367
155274.400345,1000,10499.6249
154996.793496,1000,10506.175757
154376.338439,1000,10510.141208
154111.86029,1000,10516.603956
154900.203952,1000,10520.291691
155026.622656,1000,10527.10465
154785.771268,1000,10531.086175
155530.069372,1000,10536.827263
153805.392915,1000,10540.927918
154459.264277,1000,10546.711902
154221.668707,1000,10550.157902
152265.240247,1000,10557.033679
154330.438351,1000,10560.641509
154782.326209,1000,10567.20402
154631.5641,1000,10571.455247
154241.151251,1000,10577.645791
156123.336679,1000,10581.601329
154224.951311,1000,10588.017917
154193.357827,1000,10592.333284
153823.441925,1000,10598.455205
153080.90186,1000,10602.786567
150140.012779,1000,10608.930974
154192.101792,1000,10613.080497
155695.348184,1000,10618.742563
154536.433941,1000,10623.13212
154965.723735,1000,10628.821195
155099.075741,1000,10632.269188
154810.767128,1000,10639.478108
153829.333132,1000,10643.710936
153505.014966,1000,10649.662251
153180.118833,1000,10653.118948
152981.863743,1000,10659.568238
155318.470618,1000,10663.764958
154921.342703,1000,10670.00911
153452.035066,1000,10673.994309
154070.956574,1000,10680.333967
155342.837465,1000,10684.641771
154407.80324,1000,10688.581412
154969.399261,1000,10694.731898
153110.141607,1000,10698.77991
154396.098025,1000,10704.176008
154910.175623,1000,10708.664571
154243.292888,1000,10714.759964
154795.591968,1000,10718.820598
153966.985633,1000,10724.319108
154508.795885,1000,10728.171927
153080.006202,1000,10734.260876
155327.611335,1000,10738.940624
154539.40538,1000,10745.085795
154321.23921,1000,10748.90158
155171.988559,1000,10754.501738
154996.001381,1000,10759.019799
154338.039772,1000,10765.04578
153894.684291,1000,10768.760268
155265.539049,1000,10774.899596
144635.752821,1000,10779.536687
154745.970425,1000,10784.921059
151682.181975,1000,10788.923578
154068.145787,1000,10795.864488
154612.660487,1000,10799.907061
155033.415466,1000,10805.793419
155617.978585,1000,10809.879744
154593.304853,1000,10815.525062
153945.693391,1000,10819.437941
153996.43229,1000,10826.267634
153892.192223,1000,10830.590694
154925.903308,1000,10835.923159
153390.097441,1000,10839.141917
154827.025308,1000,10846.209525
154730.86556,1000,10850.630657
154807.250743,1000,10856.649999
154373.185399,1000,10860.532596
95417.105126,1000,10866.716823
101762.418317,1000,10870.307585
155403.897613,1000,10876.55727
153898.960586,1000,10880.533962
128002.785807,1000,10887.342206
154666.009831,1000,10892.197709
155083.327086,1000,10897.329439
154806.999184,1000,10901.409605
154223.33382,1000,10905.159484
154580.227104,1000,10911.201957
154637.899626,1000,10916.103702
155131.271617,1000,10921.872743
155336.239664,1000,10925.979991
153099.360874,1000,10931.680433
154962.217856,1000,10935.436786
154130.819139,1000,10942.354357
91057.835877,1000,10946.926614
154546.313633,1000,10952.63159
152978.878523,1000,10956.384088
153810.210991,1000,10962.856993
107185.866348,1000,10967.484981
155225.041767,1000,10973.271244
153719.0135,1000,10977.481406
153856.513284,1000,10983.462684
153996.56968,1000,10987.071836
154481.545087,1000,10993.617419
151116.02214,1000,10997.465192
154806.395664,1000,11004.409989
154512.058477,1000,11009.120121
154548.503653,1000,11014.498704
154045.903353,1000,11018.505166
154200.879215,1000,11025.359061
155187.799752,1000,11029.667859
154776.120418,1000,11035.466192
154573.303012,1000,11039.156467
154438.772953,1000,11045.897075
153854.993831,1000,11049.991992
154995.399657,1000,11055.84552
154544.819623,1000,11059.975173
155286.624981,1000,11066.806241
155354.828022,1000,11070.70396
154071.914013,1000,11076.667526
155130.768986,1000,11080.824827
