approxkl,clipfrac,eplenmean,eprewmean,explained_variance,fps,loss,nupdates,policy_entropy,policy_loss,serial_timesteps,time_elapsed,total_timesteps,value_loss
287688.0,0.9748047,1000.0,44326.255890500004,0.47651761770248413,212,0.4064055,1,-43.549393,0.2833232,2048,9.635586548014544,2048,0.24616456
468933.4,0.9716797,1000.0,55496.780696249996,0.48269110918045044,228,0.37708113,2,-43.52448,0.30388936,4096,18.619209194002906,4096,0.14638367
183470.86,0.9723633,1000.0,54865.082845833334,0.6146422922611237,217,0.31899506,3,-43.47521,0.28133768,6144,28.018991035001818,6144,0.07531474
216924.28,0.97207034,1000.0,51875.36534525,0.6860960125923157,239,0.28933087,4,-43.4046,0.26510483,8192,36.58858520002104,8192,0.04845203
249140.75,0.97158206,1000.0,51256.18490000001,0.7156629264354706,237,0.30035052,5,-43.34742,0.276327,10240,45.21620223802165,10240,0.048046954
275095.6,0.97148436,1000.0,52293.26358491666,0.6032622754573822,261,0.30319554,6,-43.31014,0.27291587,12288,53.062549020018196,12288,0.060559332
306176.06,0.9718262,1000.0,52172.12934407143,0.7108881175518036,250,0.3158707,7,-43.287872,0.29239336,14336,61.240607041021576,14336,0.046954878
183396.34,0.9705078,1000.0,54199.2870885,0.7505615651607513,265,0.33667186,8,-43.266594,0.300162,16384,68.94890262701665,16384,0.07301982
197235.4,0.9712402,1000.0,54376.600304499996,0.6004509031772614,267,0.27896827,9,-43.224113,0.2560683,18432,76.59325184501358,18432,0.045799974
170605.53,0.97084963,1000.0,54476.521852699996,0.7479013502597809,264,0.25281,10,-43.162914,0.22307666,20480,84.35227947001113,20480,0.059466578
295031.8,0.9717285,1000.0,54247.81376245454,0.6761719882488251,268,0.2739036,11,-43.11475,0.23808677,22528,91.97179902001517,22528,0.071633674
252333.28,0.97128904,1000.0,54228.158119083324,0.531655877828598,256,0.253459,12,-43.05547,0.23040912,24576,99.94303914700868,24576,0.04609974
358274.16,0.9717285,1000.0,53698.20888915384,0.6461733877658844,261,0.28631553,13,-42.995834,0.26402947,26624,107.7746080190118,26624,0.044572078
194084.55,0.97143555,1000.0,53988.13867674999,0.6894217431545258,267,0.2854486,14,-42.939964,0.261508,28672,115.42725614801748,28672,0.04788133
324233.1,0.97197264,1000.0,54279.038049899995,0.6782001554965973,265,0.29592746,15,-42.88891,0.25562385,30720,123.14330900201458,30720,0.08060721
234878.34,0.9723633,1000.0,54357.8351135625,0.6962617635726929,267,0.2774326,16,-42.836586,0.2395244,32768,130.79456443802337,32768,0.075816385
290285.28,0.97260743,1000.0,54902.80325905882,0.7021641433238983,245,0.2808155,17,-42.787548,0.23768611,34816,139.1262285130215,34816,0.086258814
133925.5,0.971875,1000.0,55128.44809024999,0.6404510736465454,215,0.27666822,18,-42.730106,0.23901203,36864,148.6198043320037,36864,0.07531243
232316.03,0.97158206,1000.0,54616.87646081579,0.754661038517952,212,0.27713963,19,-42.67735,0.23564489,38912,158.25529170100344,38912,0.08298946
241351.0,0.9715332,1000.0,55712.04398005,0.7957075089216232,258,0.32755882,20,-42.63808,0.2840883,40960,166.19130530001712,40960,0.08694105
320029.97,0.97265625,1000.0,57376.25230944187,0.8181157410144806,253,0.33600166,21,-42.572876,0.2875123,43008,174.26550682002562,43008,0.09697854
266566.22,0.97280276,1000.0,56793.4464164889,0.4096760153770447,246,0.23424578,22,-42.510372,0.2108274,45056,182.57015033901553,45056,0.046836786
219404.9,0.97207034,1000.0,56715.53147263831,0.8332940638065338,265,0.28338215,23,-42.46279,0.2608394,47104,190.27664683602052,47104,0.045085475
263362.44,0.97202146,1000.0,56365.13262859185,0.7358566224575043,260,0.25839877,24,-42.434345,0.22674164,49152,198.13334417002625,49152,0.06331431
171876.47,0.9718262,1000.0,56004.55484086275,0.5436706840991974,247,0.24563542,25,-42.384995,0.22588797,51200,206.40058058701106,51200,0.039494902
176006.84,0.9722656,1000.0,56062.32383998114,0.7937253266572952,267,0.24823861,26,-42.333145,0.20898242,53248,214.05469112101127,53248,0.078512415
271815.25,0.97197264,1000.0,55695.736552781826,0.10988014936447144,267,0.21315531,27,-42.25913,0.19033606,55296,221.70548095100094,55296,0.045638524
259475.83,0.9717773,1000.0,55539.087814280705,0.37339532375335693,258,0.25455374,28,-42.20927,0.22981088,57344,229.63155216901214,57344,0.049485665
145839.27,0.97148436,1000.0,55352.16588874577,0.7023266851902008,264,0.23742652,29,-42.15854,0.2103683,59392,237.3894395380048,59392,0.05411651
373362.66,0.9724121,1000.0,55210.59625242623,0.8586166203022003,265,0.2596774,30,-42.099705,0.23889413,61440,245.1178836300096,61440,0.041566662
194136.72,0.9718262,1000.0,55277.09156195238,0.7637240886688232,268,0.27797592,31,-42.050133,0.25456274,63488,252.75302444701083,63488,0.046826385
194189.92,0.9723145,1000.0,55136.001154692305,0.4201056957244873,257,0.23289342,32,-42.007008,0.21168885,65536,260.70165693902527,65536,0.04240915
321231.16,0.9716797,1000.0,55208.58482273134,0.8042087405920029,267,0.26863432,33,-41.966286,0.23843965,67584,268.3454801260086,67584,0.06038931
112533.79,0.9716797,1000.0,55353.42299207246,0.6002654731273651,267,0.27486625,34,-41.888527,0.25316232,69632,275.99338859901763,69632,0.043407734
294465.56,0.97216797,1000.0,55185.13633309859,0.6280638575553894,269,0.27635998,35,-41.802254,0.23900947,71680,283.6071187830239,71680,0.074700974
316143.06,0.97270507,1000.0,55342.92766667123,0.7774795144796371,262,0.31125253,36,-41.766476,0.28422338,73728,291.4007095650013,73728,0.054058373
293076.4,0.9717773,1000.0,55605.130841746664,0.8394779562950134,250,0.29876846,37,-41.74689,0.27427176,75776,299.5723502309993,75776,0.04899338
457894.34,0.97148436,1000.0,55827.569566792205,0.7760134637355804,267,0.33325624,38,-41.69207,0.301867,77824,307.2248403929989,77824,0.0627786
136766.1,0.9722168,1000.0,56297.23677446836,0.7099325358867645,264,0.27701068,39,-41.622562,0.24504057,79872,314.967030231026,79872,0.06394024
178630.78,0.9727539,1000.0,56365.186374827164,0.7076396942138672,265,0.2678183,40,-41.577568,0.22967505,81920,322.69641076002154,81920,0.07628661
232566.12,0.97197264,1000.0,56217.85426373494,0.16145294904708862,273,0.26254317,41,-41.531563,0.23647729,83968,330.18016597500537,83968,0.05213181
380709.06,0.9722168,1000.0,56077.820520081405,0.7778783142566681,269,0.27959758,42,-41.47036,0.24914286,86016,337.7806268170243,86016,0.06090941
251100.97,0.97265625,1000.0,56157.6240430909,0.6196478009223938,270,0.2897337,43,-41.4237,0.25406635,88064,345.3464538240223,88064,0.071334876
253501.7,0.9722656,1000.0,56255.04597693332,0.6756536662578583,262,0.3083784,44,-41.37794,0.28127688,90112,353.1581631870067,90112,0.05420314
292876.66,0.97202146,1000.0,56515.55429504346,0.6798862218856812,270,0.29414934,45,-41.339558,0.2614639,92160,360.744662860001,92160,0.06537087
317532.12,0.97207034,1000.0,56757.45863139361,0.48934298753738403,268,0.26878187,46,-41.291832,0.23504953,94208,368.38066674000584,94208,0.06746472
172097.84,0.971875,1000.0,56766.99411734375,0.7214842438697815,269,0.27373934,47,-41.224968,0.24873228,96256,375.9755012540263,96256,0.050014187
243982.83,0.9716797,1000.0,56712.34397859183,0.46286720037460327,264,0.25634825,48,-41.149666,0.23182774,98304,383.7241889590223,98304,0.04904091
219081.95,0.97250974,1000.0,56613.92693292999,0.6905127465724945,270,0.2863695,49,-41.08551,0.2539045,100352,391.289506525005,100352,0.06493011
210035.38,0.9729492,1000.0,56989.22199089,0.8375412374734879,271,0.2658439,50,-41.000175,0.23999302,102400,398.84378033300163,102400,0.051701844
281142.6,0.97216797,1000.0,56782.968244389995,0.49077123403549194,260,0.28166628,51,-40.93136,0.25677508,104448,406.70357400001376,104448,0.04978243
175818.0,0.9723633,1000.0,56975.19969347001,0.541549801826477,265,0.27433237,52,-40.862442,0.24720688,106496,414.4209180760081,106496,0.054250944
281124.3,0.97216797,1000.0,57270.265855280006,0.5897293090820312,269,0.25054556,53,-40.802082,0.21400747,108544,422.0296223590267,108544,0.073076315
582502.4,0.971875,1000.0,57410.03510025,0.29934781789779663,268,0.22872636,54,-40.741165,0.18915927,110592,429.65405716901296,110592,0.079134144
374265.56,0.9722168,1000.0,57287.20466920001,0.3827488422393799,260,0.24502602,55,-40.694466,0.22347903,112640,437.50541460700333,112640,0.043093864
257421.88,0.9724121,1000.0,57445.177837300005,0.6400534510612488,263,0.2989218,56,-40.660263,0.2725084,114688,445.2790123310115,114688,0.05282683
268668.9,0.97270507,1000.0,57243.67250619001,0.6811164617538452,265,0.24622099,57,-40.606495,0.21893355,116736,453.001489908027,116736,0.054574937
161890.77,0.9723145,1000.0,57091.26706021,0.7383169233798981,260,0.26779908,58,-40.537395,0.24475682,118784,460.8731607370137,118784,0.046084624
189394.9,0.9725586,1000.0,57281.74524967,0.6936878859996796,262,0.27446544,59,-40.480217,0.245235,120832,468.6792377370002,120832,0.058460724
276794.3,0.9722656,1000.0,57425.478484880005,0.79522804915905,249,0.27417165,60,-40.46382,0.25834048,122880,476.876579785021,122880,0.031662285
235028.88,0.973584,1000.0,57536.34018296,0.7788741737604141,261,0.27561685,61,-40.41439,0.2541116,124928,484.7224096880236,124928,0.0430106
181262.78,0.972998,1000.0,57670.77796143,0.8103155344724655,261,0.26792854,62,-40.365883,0.24878171,126976,492.56638035102515,126976,0.03829369
248710.1,0.9723633,1000.0,57874.46724169,0.49473387002944946,256,0.2887142,63,-40.2905,0.2461739,129024,500.54413842601934,129024,0.08508058
249912.88,0.97333986,1000.0,57730.10993972999,0.7223329246044159,260,0.2635923,64,-40.208813,0.24338436,131072,508.3924176590226,131072,0.0404158
199441.11,0.9728516,1000.0,57727.511589869995,0.8027643412351608,264,0.267517,65,-40.156178,0.23880501,133120,516.1475473910104,133120,0.057423927
327083.44,0.9719238,1000.0,57699.34019796,0.7682287842035294,262,0.27299404,66,-40.085983,0.24840565,135168,523.9482447180199,135168,0.04917682
295636.0,0.9724121,1000.0,57725.302587440005,0.7850722670555115,256,0.2699808,67,-40.010036,0.24480286,137216,531.9252818580135,137216,0.05035575
108934.734,0.9716797,1000.0,57737.02106877,0.7012955248355865,259,0.26284686,68,-39.907845,0.23528278,139264,539.8255521710089,139264,0.05512808
466324.3,0.9729492,1000.0,57147.10733993,0.6537493467330933,251,0.24205394,69,-39.804565,0.21989667,141312,547.9826022720081,141312,0.04431451
301918.56,0.9723145,1000.0,56780.75300105,0.8249366283416748,253,0.2711777,70,-39.702705,0.24012713,143360,556.0573098730238,143360,0.062101193
147978.05,0.97250974,1000.0,57311.670808259994,0.7523707002401352,262,0.30148777,71,-39.618435,0.2686594,145408,563.8508909940138,145408,0.065656774
222564.58,0.9716309,1000.0,57716.32118620999,0.7809152007102966,267,0.3008409,72,-39.577858,0.26529282,147456,571.5042091040232,147456,0.07109609
232884.38,0.97158206,1000.0,57704.97067097,0.5005913078784943,254,0.28595096,73,-39.524788,0.26487228,149504,579.5634242720262,149504,0.042157464
265463.1,0.9727539,1000.0,57796.26072258,0.8191501945257187,250,0.29012698,74,-39.459663,0.26564494,151552,587.7362093570118,151552,0.048964117
255312.66,0.97250974,1000.0,57844.013570660005,0.5540834665298462,262,0.29466018,75,-39.39017,0.26370627,153600,595.5339390130248,153600,0.061907776
270998.7,0.97211915,1000.0,58194.966776400004,0.7406972646713257,258,0.2700693,76,-39.341873,0.24651015,155648,603.4486520260107,155648,0.04711833
422699.2,0.97270507,1000.0,58158.84159532001,0.3849765658378601,242,0.2289525,77,-39.26918,0.20438628,157696,611.9089347000117,157696,0.04913245
381353.66,0.972998,1000.0,58257.98518823001,0.5770155489444733,246,0.2433236,78,-39.190613,0.21620972,159744,620.2216659300029,159744,0.054227818
116926.54,0.97216797,1000.0,58344.782018150014,0.7032545506954193,262,0.27453718,79,-39.09522,0.24917176,161792,628.0279743360006,161792,0.050730873
274944.88,0.97216797,1000.0,58414.77102266002,0.6661809980869293,258,0.24743827,80,-39.053387,0.21844807,163840,635.9656878010137,163840,0.0579804
299417.28,0.9724609,1000.0,58351.57729647,0.6442402303218842,266,0.28532583,81,-39.04249,0.26778322,165888,643.6540920440166,165888,0.035085276
244233.6,0.9717773,1000.0,58291.296023580006,0.6962087154388428,252,0.30108863,82,-38.98748,0.26913196,167936,651.7651839739992,167936,0.06391342
121548.98,0.9724121,1000.0,58158.98843615,0.7638597935438156,235,0.2839723,83,-38.942997,0.25480884,169984,660.4493318640161,169984,0.058327
251989.05,0.97211915,1000.0,58418.24020205,0.45351624488830566,260,0.25214034,84,-38.895382,0.20677313,172032,668.2986186260241,172032,0.09073444
227261.17,0.9723633,1000.0,58356.93631034002,0.329919695854187,257,0.25077134,85,-38.83935,0.21518235,174080,676.2419567840116,174080,0.07117801
286585.94,0.9718262,1000.0,58145.335704410005,0.4196954369544983,258,0.27183372,86,-38.764214,0.24385223,176128,684.1657333000039,176128,0.05596293
224398.62,0.9725586,1000.0,57911.785814810006,0.3964606523513794,265,0.27184218,87,-38.670845,0.2442101,178176,691.8934314450016,178176,0.055264078
176534.11,0.97197264,1000.0,57778.89456871,0.6578604876995087,261,0.2585802,88,-38.57702,0.23435369,180224,699.7263583760068,180224,0.04845302
302819.7,0.9722656,1000.0,57701.319077889995,0.748212993144989,252,0.28888974,89,-38.496803,0.26668638,182272,707.8546308730147,182272,0.04440684
343541.8,0.9730469,1000.0,57685.199931989984,0.5767102241516113,252,0.20766452,90,-38.434666,0.19118169,184320,715.9748493730149,184320,0.032965556
145880.12,0.9723145,1000.0,57947.38412029,0.6898454129695892,256,0.29979023,91,-38.370964,0.26261052,186368,723.9527252120024,186368,0.07435947
254103.03,0.97202146,1000.0,57699.98044100001,0.38327252864837646,254,0.23649922,92,-38.305084,0.21222134,188416,731.9946227059991,188416,0.048555676
142641.86,0.9717773,1000.0,57712.57274034,0.5096160173416138,255,0.2759413,93,-38.195553,0.24878523,190464,739.9973898550088,190464,0.054312278
127792.766,0.97280276,1000.0,57480.82030425,0.6243181228637695,259,0.28479296,94,-38.081444,0.2545659,192512,747.892796708009,192512,0.06045412
163835.98,0.97250974,1000.0,57085.64217750002,0.7010594308376312,256,0.2411362,95,-37.99041,0.22291677,194560,755.8895429969998,194560,0.036438793
246069.3,0.9725586,1000.0,57085.040804320015,0.32463544607162476,243,0.321169,96,-37.903557,0.29425842,196608,764.2977865569992,196608,0.053821146
209552.77,0.9728516,1000.0,57053.99072527001,0.5338062047958374,245,0.2610146,97,-37.779964,0.23240153,198656,772.6500627360074,198656,0.05722609
130921.83,0.9724121,1000.0,56910.501791049996,0.02174276113510132,247,0.22357884,98,-37.688393,0.20086198,200704,780.9381515210262,200704,0.04543367
475285.84,0.9730469,1000.0,56541.84988613,0.4265046715736389,242,0.21877976,99,-37.60441,0.20355181,202752,789.3756187580002,202752,0.030455941
379901.62,0.9722656,1000.0,56307.23453686,0.46600162982940674,241,0.22702706,100,-37.502083,0.21278024,204800,797.8488149020122,204800,0.028493544
399332.94,0.97202146,1000.0,55909.99519396,0.5752781331539154,241,0.22709963,101,-37.401558,0.21319094,206848,806.3254881890025,206848,0.027817424
461584.8,0.97319335,1000.0,55910.74535964001,0.6176468133926392,243,0.26634973,102,-37.32318,0.24153905,208896,814.7300852220214,208896,0.049621403
143986.17,0.97084963,1000.0,55701.60455610001,0.4717116951942444,249,0.21785598,103,-37.198357,0.20284966,210944,822.9433788730239,210944,0.030012632
76368.625,0.97128904,1000.0,55539.3067935,0.14360809326171875,261,0.23416391,104,-37.056694,0.19377597,212992,830.7844894020236,212992,0.08077596
98528.14,0.97148436,1000.0,55361.68189736,0.5410398840904236,259,0.24489932,105,-36.965675,0.21698281,215040,838.6883315450104,215040,0.05583304
88197.22,0.971875,1000.0,55279.529650029996,0.46522194147109985,261,0.2508769,106,-36.847836,0.23593657,217088,846.5333955630194,217088,0.029880553
108399.7,0.97143555,1000.0,55059.16083073999,0.3929252624511719,267,0.24208863,107,-36.75231,0.2212048,219136,854.1928501400107,219136,0.04176761
124106.25,0.971875,1000.0,54860.14922390999,0.8266569674015045,256,0.2806142,108,-36.648106,0.26101977,221184,862.1710233190097,221184,0.039188977
124731.23,0.9706543,1000.0,54882.62984118999,0.6145328879356384,255,0.25427267,109,-36.53627,0.23133886,223232,870.1871411890024,223232,0.045867763
117729.83,0.9707031,1000.0,54896.03520592,0.8421051949262619,248,0.29384044,110,-36.450226,0.2636119,225280,878.447173463006,225280,0.06045701
105359.1,0.9710938,1000.0,55182.854129719984,0.7206185162067413,256,0.28624704,111,-36.34658,0.24821433,227328,886.4275170830078,227328,0.07606552
94789.79,0.97075194,1000.0,54824.89238969,0.7013864517211914,253,0.2675943,112,-36.20939,0.24569695,229376,894.5216744130012,229376,0.043794647
42132.41,0.97084963,1000.0,54705.713160570005,0.6005147397518158,270,0.24208784,113,-36.11459,0.21499792,231424,902.106086040003,231424,0.054179978
75095.484,0.9716797,1000.0,54716.31685202,0.6773761212825775,268,0.24548836,114,-36.03919,0.2207149,233472,909.7457522180048,233472,0.049546868
83850.16,0.9706543,1000.0,54537.04090964999,0.6559633612632751,260,0.3053468,115,-35.95228,0.2703256,235520,917.6123860790103,235520,0.07004223
75414.55,0.971875,1000.0,54480.51758785999,0.7828929126262665,263,0.28326732,116,-35.838127,0.25940198,237568,925.380915804999,237568,0.04773069
132540.0,0.97158206,1000.0,54487.10196161,0.730085551738739,255,0.26759148,117,-35.742393,0.2318618,239616,933.3929869200219,239616,0.07145935
107558.836,0.9712402,1000.0,54629.18490335,0.4303760528564453,267,0.269041,118,-35.660255,0.23650739,241664,941.0390217370004,241664,0.06506716
113982.336,0.9716797,1000.0,54456.78664240999,0.5317198634147644,262,0.2687894,119,-35.61192,0.23694535,243712,948.8408479220234,243712,0.063687935
70539.555,0.96972656,1000.0,54112.01527322001,0.6457032859325409,271,0.25974235,120,-35.55059,0.2389082,245760,956.3764022560208,245760,0.04166828
62510.79,0.96972656,1000.0,53763.75403243001,0.6551574766635895,266,0.27827787,121,-35.439106,0.24414971,247808,964.0672171900223,247808,0.06825635
69299.05,0.9706543,1000.0,53989.54635640001,0.5633317232131958,269,0.26933032,122,-35.298824,0.2390058,249856,971.6636932960246,249856,0.060649
65379.414,0.970459,1000.0,54072.07694161001,0.5641477704048157,257,0.27073842,123,-35.19201,0.24182133,251904,979.6139942780137,251904,0.057834208
42344.79,0.9694824,1000.0,54022.03037489,0.6111370623111725,264,0.25593284,124,-35.07705,0.22481494,253952,987.3731453590153,253952,0.062235724
39696.555,0.96967775,1000.0,53811.42008704999,0.6658847332000732,266,0.27509898,125,-34.91935,0.2440763,256000,995.0678611110197,256000,0.062045395
50245.363,0.97006834,1000.0,53940.08512788001,0.5606113076210022,271,0.24769595,126,-34.743385,0.2223098,258048,1002.6271975650161,258048,0.050772198
40752.176,0.9707031,1000.0,53988.76796438001,0.7091982662677765,248,0.31031463,127,-34.598778,0.28062356,260096,1010.8556059380062,260096,0.05938224
33299.79,0.9693359,1000.0,53835.040570960016,0.5866005122661591,271,0.27107742,128,-34.52213,0.2416214,262144,1018.3878900030104,262144,0.05891206
40016.273,0.96865237,1000.0,53998.337961460005,0.42692893743515015,273,0.26672214,129,-34.436268,0.2337478,264192,1025.8675845430116,264192,0.06594881
41939.68,0.96953124,1000.0,54062.33861659001,0.41515052318573,267,0.28047773,130,-34.339607,0.255202,266240,1033.5176817680185,266240,0.050551403
30003.771,0.96845704,1000.0,53885.52310523001,0.6938793361186981,264,0.26071808,131,-34.220238,0.23512736,268288,1041.2643268920074,268288,0.051181488
44851.363,0.9699707,1000.0,53601.15202395,0.6546675562858582,256,0.24613473,132,-34.090164,0.21759203,270336,1049.2400232610235,270336,0.057085466
34511.656,0.9689453,1000.0,53542.48845398,0.6085584163665771,267,0.24667653,133,-33.955177,0.2193816,272384,1056.884580732003,272384,0.054589927
24426.562,0.96958005,1000.0,53380.742623419996,0.6645675897598267,271,0.2666025,134,-33.804,0.24069338,274432,1064.4320206470147,274432,0.05181833
50237.375,0.9684082,1000.0,53340.227092609995,0.5359073877334595,225,0.26130715,135,-33.68499,0.24115317,276480,1073.5288561680063,276480,0.040307906
46096.73,0.9680664,1000.0,53140.23164078999,0.3111996650695801,254,0.24746807,136,-33.554085,0.22329743,278528,1081.5723833910015,278528,0.048341222
47587.195,0.96904296,1000.0,52876.073813849995,0.6960836350917816,257,0.26137418,137,-33.413,0.23956914,280576,1089.5347099900246,280576,0.043610014
23641.082,0.9685547,1000.0,52878.22905742,0.44211798906326294,253,0.2347558,138,-33.27159,0.21172485,282624,1097.599620524008,282624,0.046061855
15903.206,0.96728516,1000.0,52870.80351092001,0.4585335850715637,267,0.24927168,139,-33.151978,0.22881517,284672,1105.2686229780084,284672,0.040912993
55344.2,0.9698731,1000.0,52510.288563780014,0.7412548363208771,271,0.27059183,140,-33.037746,0.24757126,286720,1112.8232113030099,286720,0.046041228
18768.012,0.9668945,1000.0,52536.679519260004,0.5132597088813782,252,0.23861186,141,-32.885414,0.2106241,288768,1120.9410677300184,288768,0.05597548
25890.35,0.9688965,1000.0,52370.375865580005,0.48758643865585327,265,0.24516053,142,-32.655067,0.2154828,290816,1128.6486434670223,290816,0.05935536
15210.689,0.9681152,1000.0,52235.61067092,0.4642871022224426,270,0.24225673,143,-32.479713,0.22120595,292864,1136.2263477810193,292864,0.042101555
16214.247,0.96845704,1000.0,52163.068050489994,0.35882049798965454,270,0.24746618,144,-32.30686,0.22720845,294912,1143.8017074500094,294912,0.040515386
18935.941,0.9656738,1000.0,52105.30496935,0.5927521288394928,259,0.27282137,145,-32.15373,0.2443671,296960,1151.691257448023,296960,0.056908578
13012.283,0.9674805,1000.0,52358.83524673,0.37307101488113403,263,0.24090545,146,-31.994751,0.20459847,299008,1159.453402233019,299008,0.07261396
12511.889,0.9657227,1000.0,52673.67387030999,0.577113002538681,273,0.2697728,147,-31.792446,0.23959002,301056,1166.9380778310006,301056,0.060365558
14627.76,0.9680176,1000.0,52792.52908686,0.4543813467025757,272,0.23790956,148,-31.564886,0.2177492,303104,1174.4624112140154,303104,0.04032077
8185.154,0.96611327,1000.0,52868.449045459995,0.40712273120880127,269,0.23530436,149,-31.38052,0.2161351,305152,1182.0697266260104,305152,0.038338594
7629.0015,0.9675293,1000.0,53054.32004940999,0.44623929262161255,265,0.2315739,150,-31.17192,0.20131893,307200,1189.779538487026,307200,0.060509972
9893.528,0.96660155,1000.0,52875.71797842,0.14055150747299194,271,0.24087206,151,-31.011847,0.21129867,309248,1197.329987101024,309248,0.059146743
6189.5127,0.965625,1000.0,52904.261879909995,0.3753674030303955,271,0.23344925,152,-30.816778,0.21317537,311296,1204.8694381360256,311296,0.040547762
6620.5225,0.96665037,1000.0,52828.76836544,0.4487420320510864,272,0.23762652,153,-30.544409,0.21540537,313344,1212.3948400860245,313344,0.044442303
8711.345,0.9644531,1000.0,52943.94763078001,0.5267802178859711,264,0.2254821,154,-30.299297,0.20294268,315392,1220.1288384500076,315392,0.045078896
10366.787,0.9692383,1000.0,52915.41325068001,-0.02298879623413086,270,0.24184696,155,-30.054443,0.2207191,317440,1227.694501717022,317440,0.042255882
4554.1045,0.9651367,1000.0,53059.769238199995,0.5301019549369812,271,0.2573933,156,-29.91835,0.22010832,319488,1235.2333310810209,319488,0.07456996
2678.086,0.9633301,1000.0,52992.148871649995,0.5210089981555939,268,0.228857,157,-29.74963,0.1965975,321536,1242.860480969015,321536,0.06451899
5002.2905,0.96875,1000.0,52926.21018974,0.6422794461250305,259,0.25374204,158,-29.499872,0.22718565,323584,1250.741750087007,323584,0.053112768
2519.5989,0.9640625,1000.0,52796.98215137001,0.4881288409233093,268,0.23983428,159,-29.313879,0.21685056,325632,1258.3672175350075,325632,0.04596754
3035.2175,0.96660155,1000.0,52581.36548919001,0.5475558936595917,265,0.23184523,160,-29.057648,0.20176072,327680,1266.0798978300008,327680,0.06016899
3738.659,0.9676269,1000.0,52664.902635170016,0.43411970138549805,265,0.23882847,161,-28.807789,0.20476504,329728,1273.7978080390021,329728,0.068126865
2345.7234,0.9651367,1000.0,52809.33144520001,0.6208889484405518,259,0.27726507,162,-28.559723,0.24783668,331776,1281.6852346950036,331776,0.058856785
4217.926,0.96904296,1000.0,52657.186550460014,0.34956198930740356,269,0.24104531,163,-28.297873,0.21429607,333824,1289.2985838010209,333824,0.05349834
1501.4407,0.9652832,1000.0,52695.54612305002,0.4931868314743042,271,0.21662965,164,-28.032415,0.1913902,335872,1296.8375814669998,335872,0.050478958
1901.1774,0.9633789,1000.0,52607.507387400015,0.5493329465389252,267,0.22932963,165,-27.73063,0.20597596,337920,1304.5003436090192,337920,0.046707362
1701.3431,0.96171874,1000.0,52458.85828025,0.48539596796035767,264,0.22373274,166,-27.49826,0.18743522,339968,1312.2529134040233,339968,0.072594985
826.5194,0.96367186,1000.0,52413.95098682,0.2921621799468994,268,0.23080409,167,-27.366718,0.1887342,342016,1319.896164380014,342016,0.08413981
1440.4302,0.9621094,1000.0,52248.18482309,0.5923872888088226,261,0.23603435,168,-27.14413,0.2090024,344064,1327.7162344260141,344064,0.054063838
1082.1954,0.9609375,1000.0,52502.9200323,0.7122641205787659,259,0.24392588,169,-26.932245,0.21252525,346112,1335.6243542360025,346112,0.062801264
1394.8816,0.96123046,1000.0,52332.00024324001,0.5795556604862213,258,0.20661685,170,-26.68487,0.17249554,348160,1343.5413091020018,348160,0.06824252
657.8963,0.95810544,1000.0,52230.75975018001,0.7051700949668884,264,0.22761016,171,-26.436594,0.20103475,350208,1351.2851301210176,350208,0.053150833
826.7705,0.9571289,1000.0,52166.92124712001,0.6372654438018799,268,0.20912895,172,-26.212109,0.18035822,352256,1358.9054961940274,352256,0.057541568
533.09766,0.95517576,1000.0,52167.56902443,0.6605353057384491,260,0.2003582,173,-26.006817,0.16906518,354304,1366.768655626016,354304,0.062585995
761.8231,0.95708007,1000.0,52127.58647781001,0.5719553530216217,253,0.18900524,174,-25.778492,0.1622164,356352,1374.835482553026,356352,0.05357782
824.0005,0.9571289,1000.0,52114.192549850006,0.7200989425182343,268,0.20341468,175,-25.519909,0.17504342,358400,1382.4575454550213,358400,0.056742467
432.47226,0.95644534,1000.0,52005.71615048002,0.7103849649429321,268,0.2149264,176,-25.26755,0.18377197,360448,1390.0907899220183,360448,0.062308937
703.1298,0.9565918,1000.0,51981.84076154,0.6483625173568726,259,0.2052004,177,-25.028896,0.18140087,362496,1397.970334787009,362496,0.047599062
186.24155,0.95180666,1000.0,51819.80178806,0.621322512626648,273,0.18388318,178,-24.844713,0.16392504,364544,1405.470816727,364544,0.039916284
223.3857,0.9458008,1000.0,51785.13058496001,0.38947010040283203,264,0.16488467,179,-24.630224,0.13141514,366592,1413.2209361999994,366592,0.06693909
182.35149,0.9483398,1000.0,52046.648817769994,0.4721755385398865,271,0.16707194,180,-24.442795,0.13017124,368640,1420.772474050027,368640,0.07380144
293.92438,0.94736326,1000.0,52214.62473681,0.5953521728515625,258,0.1652073,181,-24.291819,0.14366631,370688,1428.6928019290208,370688,0.04308199
237.08882,0.95283204,1000.0,52135.606683409984,0.6172151863574982,268,0.18111196,182,-24.119072,0.1538148,372736,1436.3087067800225,372736,0.05459436
102.0509,0.94804686,1000.0,52226.17202605999,0.3990291953086853,267,0.1746811,183,-23.923506,0.14899555,374784,1443.978758939018,374784,0.051371105
96.22092,0.946875,1000.0,52192.46673094999,0.6055972576141357,269,0.15257648,184,-23.767214,0.12480044,376832,1451.5932565580006,376832,0.055552095
397.51935,0.9480957,1000.0,52251.000280039996,0.5925381183624268,258,0.16423783,185,-23.595083,0.13566318,378880,1459.5293978330155,378880,0.05714932
259.25256,0.9494141,1000.0,52408.44420918,0.7004306316375732,269,0.15078172,186,-23.465446,0.12545678,380928,1467.1424907980254,380928,0.05064988
173.60391,0.9440918,1000.0,52644.637228420004,0.3817228078842163,259,0.16596597,187,-23.345842,0.122022554,382976,1475.049275092024,382976,0.08788683
256.20847,0.95146483,1000.0,53002.034430639986,0.7471454441547394,260,0.18671699,188,-23.183453,0.14810738,385024,1482.9075205100235,385024,0.07721914
83.56096,0.94379884,1000.0,53062.37376764999,0.7740467637777328,258,0.1438858,189,-23.082268,0.11470457,387072,1490.8353202430008,387072,0.058362454
230.78389,0.9413086,1000.0,53030.98748856,0.4828413128852844,266,0.15780865,190,-22.96852,0.13768807,389120,1498.5122758000216,389120,0.04024119
57.244415,0.94135743,1000.0,53042.70637890001,0.6268810629844666,270,0.13946354,191,-22.815334,0.10975478,391168,1506.0889702220156,391168,0.059417497
105.31273,0.9448242,1000.0,53185.40159891,0.6453219950199127,270,0.15769252,192,-22.691515,0.1288546,393216,1513.665897798026,393216,0.05767587
145.95747,0.938916,1000.0,53462.628203650005,0.4857601523399353,263,0.16006479,193,-22.546637,0.12098467,395264,1521.4521814620239,395264,0.07816018
117.5598,0.93828124,1000.0,53293.7153923,0.7803525477647781,261,0.118230745,194,-22.428492,0.09845163,397312,1529.2736794670054,397312,0.03955825
117.00747,0.9369141,1000.0,53464.318773330015,0.7504880428314209,269,0.17658426,195,-22.334171,0.13195035,399360,1536.8735377750127,399360,0.08926787
58.384033,0.9296387,1000.0,53402.92753835,0.7212676405906677,269,0.11902565,196,-22.225342,0.09530693,401408,1544.4765094660106,401408,0.047437485
332.7619,0.93178713,1000.0,53482.27469707999,0.6472353637218475,260,0.11515554,197,-22.151506,0.08560317,403456,1552.3508696930076,403456,0.05910474
220.72302,0.93793947,1000.0,53529.383098909995,0.5750124752521515,262,0.1411184,198,-22.056465,0.123822615,405504,1560.1529001540039,405504,0.03459153
482.27386,0.933252,1000.0,53518.648483879995,0.6853015720844269,263,0.11706974,199,-21.937933,0.089705564,407552,1567.9125948080036,407552,0.054728348
120.33696,0.9303223,1000.0,53477.55545488,0.3625134229660034,269,0.112891115,200,-21.86641,0.088753775,409600,1575.557914235018,409600,0.04827462
106.05752,0.9352539,1000.0,53645.73367356,0.5112367272377014,266,0.12805635,201,-21.778452,0.10193838,411648,1583.248378905002,411648,0.052235942
93.43947,0.9373535,1000.0,53628.74411813999,0.7945043444633484,265,0.13089812,202,-21.682886,0.11317513,413696,1590.9727566070214,413696,0.035445984
38.91575,0.9344727,1000.0,53548.51884839,0.6845294535160065,264,0.10102167,203,-21.63058,0.071240015,415744,1598.7171775660245,415744,0.059563287
29.13319,0.93188477,1000.0,53747.11960776,0.6484659910202026,265,0.10860366,204,-21.526102,0.08440255,417792,1606.4456089170126,417792,0.048402198
30.6587,0.9285156,1000.0,53763.366174979994,0.6782821416854858,247,0.11056484,205,-21.443512,0.08487793,419840,1614.7084063150105,419840,0.05137383
45.816605,0.9303223,1000.0,53663.00407958999,0.3826833963394165,265,0.10569334,206,-21.36337,0.08179797,421888,1622.4181258470053,421888,0.047790706
64.19667,0.9265625,1000.0,53844.2269305,0.5463167726993561,269,0.11170981,207,-21.30692,0.078748204,423936,1630.0229230200057,423936,0.065923214
48.729805,0.9291504,1000.0,53802.843377089994,0.4706111550331116,259,0.1253382,208,-21.26588,0.09630561,425984,1637.9265577220067,425984,0.058065187
76.82619,0.9216797,1000.0,53474.33995021001,0.25639551877975464,268,0.1017824,209,-21.194796,0.062670186,428032,1645.5429056200082,428032,0.078224465
28.171427,0.929834,1000.0,53770.04110419001,0.7006608247756958,268,0.10060014,210,-21.138353,0.0661968,430080,1653.17058712602,430080,0.068806686
82.940414,0.9206055,1000.0,53726.48917256,0.6205902993679047,270,0.09009023,211,-21.09665,0.057946492,432128,1660.749078739027,432128,0.064287454
27.662983,0.93056643,1000.0,53838.37687199999,0.6206418871879578,262,0.101176664,212,-21.048925,0.07533221,434176,1668.5496670170105,434176,0.051688917
235.48776,0.92924803,1000.0,53885.46246119,0.5521970391273499,255,0.11342712,213,-21.0005,0.072560176,436224,1676.5554007600003,436224,0.08173389
79.127945,0.9302734,1000.0,54151.60877645,0.5123556554317474,263,0.10973632,214,-20.912281,0.07423358,438272,1684.3384972790082,438272,0.07100548
107.77714,0.9333008,1000.0,54185.09462207,0.6231184601783752,266,0.12177609,215,-20.810352,0.087670445,440320,1692.0249578330258,440320,0.068211265
62.194233,0.92280275,1000.0,54260.25638230001,0.732280820608139,258,0.09961295,216,-20.731739,0.07104839,442368,1699.9416638440161,442368,0.057129156
37.221127,0.9253418,1000.0,54396.652381470005,0.7674998193979263,265,0.10459919,217,-20.66695,0.077017955,444416,1707.6685755380022,444416,0.05516249
25.320974,0.92753905,1000.0,54300.755618870004,0.6317970454692841,268,0.10218575,218,-20.636555,0.075079665,446464,1715.2999670360005,446464,0.05421214
43.27966,0.9277344,1000.0,54282.43364274,0.6539236903190613,264,0.093383715,219,-20.548584,0.06444962,448512,1723.0417204570258,448512,0.057868183
18.174246,0.9266113,1000.0,54154.81989689999,0.7438378632068634,257,0.09486748,220,-20.468208,0.069959775,450560,1730.9959360450157,450560,0.04981541
18.051804,0.92387694,1000.0,54298.23888128999,0.5953023135662079,265,0.0895086,221,-20.40215,0.062471736,452608,1738.7236966530036,452608,0.054073773
23.38203,0.9242188,1000.0,54378.09803356999,0.5768782496452332,269,0.09341339,222,-20.367887,0.06613253,454656,1746.3327987250232,454656,0.054561727
24.10748,0.91977537,1000.0,54492.859684350005,0.4709984064102173,266,0.098212756,223,-20.34854,0.06566201,456704,1754.0278928680054,456704,0.06510145
16.88317,0.91982424,1000.0,54418.17151064,0.5938355326652527,260,0.0912811,224,-20.304892,0.06637164,458752,1761.8821206700231,458752,0.04981888
195.00797,0.92573243,1000.0,54375.891182120016,0.660083681344986,266,0.09454404,225,-20.234852,0.07398556,460800,1769.5574495010078,460800,0.041116934
15.060686,0.91674805,1000.0,54255.01939970002,0.6597420871257782,265,0.08458142,226,-20.154272,0.060257882,462848,1777.2809695150063,462848,0.04864711
19.45175,0.9237305,1000.0,54326.54478373,0.7088674008846283,264,0.08262892,227,-20.128704,0.055123847,464896,1785.0321062620205,464896,0.055010118
14.525719,0.9219238,1000.0,54463.79949019999,0.8013574331998825,262,0.091233104,228,-20.10701,0.07035279,466944,1792.8413984820072,466944,0.041760623
36.496605,0.92055666,1000.0,54288.35286316,0.6705138087272644,271,0.08588314,229,-20.091,0.057882477,468992,1800.3877179100236,468992,0.056001287
31.290012,0.91796875,1000.0,54265.59056148,0.6205009818077087,266,0.09442973,230,-20.054617,0.06386319,471040,1808.0692181760096,471040,0.061133076
31.233913,0.9293457,1000.0,54337.60706655,0.7472944557666779,264,0.12672637,231,-20.020315,0.10423039,473088,1815.8052174180048,473088,0.044992004
57.82511,0.9244629,1000.0,54472.496870150004,0.7861386686563492,249,0.09976171,232,-19.943314,0.07700234,475136,1824.021980864025,475136,0.045518808
24.557377,0.9258789,1000.0,54474.32068668,0.6529812216758728,268,0.0886351,233,-19.915405,0.05690674,477184,1831.6383703710162,477184,0.06345671
32.14589,0.9244629,1000.0,54666.04764997,0.7108534574508667,258,0.08733637,234,-19.905489,0.06123831,479232,1839.5610917880258,479232,0.052196115
22.218433,0.9224121,1000.0,54846.17670624,0.7103603482246399,255,0.082694456,235,-19.88083,0.0466362,481280,1847.5834462830098,481280,0.07211652
33.570427,0.9195312,1000.0,54835.95690114,0.6685104370117188,270,0.08154758,236,-19.820066,0.054631382,483328,1855.1465373150131,483328,0.05383239
293.96964,0.9385742,1000.0,54845.7702972,0.8011829555034637,253,0.11681281,237,-19.771637,0.092239454,485376,1863.2382529040042,485376,0.049146738
25.686901,0.92402345,1000.0,54831.86852191,0.7499158084392548,265,0.071277544,238,-19.72938,0.047954626,487424,1870.9450815570017,487424,0.046645828
36.31279,0.91875,1000.0,55147.53325975999,0.3500102758407593,257,0.09698716,239,-19.662012,0.06208103,489472,1878.8969459049986,489472,0.069812246
27.155909,0.92333984,1000.0,55148.39704436,0.5307866930961609,259,0.0907443,240,-19.608248,0.06893231,491520,1886.8022197750106,491520,0.043624006
21.841759,0.9217285,1000.0,54993.93711025001,0.31934791803359985,269,0.08989873,241,-19.538517,0.05978463,493568,1894.4077698780166,493568,0.06022823
20.273304,0.9187988,1000.0,54872.58748566999,0.7147175669670105,265,0.090537585,242,-19.460186,0.06341182,495616,1902.1228040390124,495616,0.054251514
13.421415,0.92226565,1000.0,54944.8246417,0.7536382228136063,254,0.07486167,243,-19.423592,0.04565705,497664,1910.1576031030272,497664,0.058409203
15.1605835,0.91728514,1000.0,54894.239738050004,0.5962990820407867,266,0.07855484,244,-19.393942,0.048148386,499712,1917.8401955890004,499712,0.06081288
27.117193,0.9193848,1000.0,55087.877741089986,0.7016803026199341,261,0.088296756,245,-19.38468,0.054079622,501760,1925.6683123070106,501760,0.06843428
12.13028,0.9178711,1000.0,55072.61830088998,0.5841440558433533,263,0.087924525,246,-19.392895,0.055792045,503808,1933.4429474990175,503808,0.06426498
8.099833,0.9105469,1000.0,55203.74352968999,0.5774873793125153,254,0.07446806,247,-19.35162,0.04468277,505856,1941.494715009001,505856,0.0595706
9.300731,0.9169434,1000.0,55342.79714926,0.7746119201183319,265,0.07150541,248,-19.317501,0.049173106,507904,1949.2103044420073,507904,0.0446646
17.184982,0.9140625,1000.0,55443.60815157,0.6079384386539459,265,0.069077,249,-19.293697,0.04573996,509952,1956.9291603360034,509952,0.046674047
14.707416,0.9175293,1000.0,55703.35740092,0.7813957929611206,266,0.088698335,250,-19.251087,0.04844264,512000,1964.6081250680145,512000,0.08051138
31.09589,0.91625977,1000.0,55892.27760492,0.6836056411266327,254,0.08294828,251,-19.23219,0.054081894,514048,1972.6428777399997,514048,0.05773279
15.49834,0.91850585,1000.0,55940.744381720004,0.701698899269104,239,0.087367244,252,-19.235342,0.056687433,516096,1981.2044573980093,516096,0.061359584
16.376875,0.9147949,1000.0,55990.43333905999,0.7027569115161896,268,0.059517853,253,-19.216934,0.035395235,518144,1988.8461843820114,518144,0.04824525
13.707388,0.91977537,1000.0,55995.30337992999,0.7497349083423615,264,0.07891621,254,-19.15525,0.057296295,520192,1996.5869901289989,520192,0.043239824
47.23606,0.9137207,1000.0,56085.115981709976,0.500449538230896,255,0.07196094,255,-19.101059,0.045165762,522240,2004.61364989102,522240,0.05359031
23.093916,0.91557616,1000.0,56119.64743723999,0.6813852787017822,267,0.06284872,256,-19.087627,0.037835244,524288,2012.2746761810267,524288,0.050026976
12.25865,0.9116699,1000.0,56240.68935783999,0.7319972217082977,265,0.06573494,257,-19.065937,0.04086584,526336,2019.9884205840062,526336,0.049738176
14.164868,0.9230957,1000.0,56376.86024321,0.6816420257091522,257,0.07809287,258,-19.031918,0.05486967,528384,2027.9413526840217,528384,0.046446376
9.281203,0.9140137,1000.0,56115.794538649985,0.6667600274085999,265,0.07198165,259,-18.954939,0.050087214,530432,2035.6603985270194,530432,0.04378891
23.1307,0.91313475,1000.0,56313.10358793,0.6308582723140717,265,0.08730924,260,-18.933039,0.05155337,532480,2043.3880967820005,532480,0.07151178
14.060493,0.9135742,1000.0,56496.56446846001,0.6607874035835266,269,0.07227629,261,-18.903996,0.042912744,534528,2050.9985796289984,534528,0.058727074
25.257467,0.9123047,1000.0,56785.40101404,0.6482523083686829,260,0.0908547,262,-18.871578,0.05160437,536576,2058.8580944770074,536576,0.078500666
13.516777,0.91503906,1000.0,56762.06931088999,0.7809889763593674,263,0.061533798,263,-18.878782,0.0340002,538624,2066.623878264014,538624,0.05506719
17.980053,0.90717775,1000.0,56935.591597529994,0.6507281363010406,267,0.06405199,264,-18.89708,0.033939485,540672,2074.2752788860234,540672,0.060225017
9.394554,0.90708005,1000.0,56903.67110277,0.7656219154596329,267,0.060663592,265,-18.885447,0.03751585,542720,2081.930200977018,542720,0.046295468
9.6193,0.9122559,1000.0,56911.88035792999,0.7718983739614487,263,0.07897326,266,-18.83226,0.05798123,544768,2089.7044851650135,544768,0.04198407
18.699383,0.9125,1000.0,56934.362839159985,0.6587359309196472,267,0.060487848,267,-18.79843,0.03798795,546816,2097.348824657005,546816,0.04499981
8.288446,0.9109375,1000.0,56907.65859301001,0.5020099580287933,267,0.0657337,268,-18.783968,0.041504197,548864,2104.9946067710116,548864,0.04845901
12.012941,0.90898436,1000.0,56982.533932410006,0.652831643819809,266,0.07369788,269,-18.726128,0.043438118,550912,2112.6676342330175,550912,0.060519546
11.130985,0.9082031,1000.0,56850.46262410001,0.6336876749992371,260,0.06603601,270,-18.717575,0.038755205,552960,2120.538095947006,552960,0.054561622
34.844254,0.9213867,1000.0,56954.99991915,0.6073477864265442,262,0.11093833,271,-18.698692,0.0660284,555008,2128.3553020800173,555008,0.08981987
28.945507,0.9254883,1000.0,57257.20059053,0.6032114326953888,266,0.14096494,272,-18.678947,0.080444306,557056,2136.0298644340073,557056,0.121041216
17.969734,0.9020996,1000.0,57469.88334471999,0.5776422023773193,266,0.07067686,273,-18.634556,0.036831107,559104,2143.7143646190234,559104,0.06769155
9.961523,0.9137207,1000.0,57570.72650419,0.784086138010025,262,0.061083455,274,-18.626291,0.037459426,561152,2151.5313334880047,561152,0.047248058
17.995165,0.9154297,1000.0,57713.04875728,0.6581687927246094,263,0.08854453,275,-18.638203,0.051665764,563200,2159.2982222720166,563200,0.07375756
10.346901,0.90786135,1000.0,57856.937881300015,0.7179418206214905,267,0.06028248,276,-18.636072,0.03230388,565248,2166.9667702389997,565248,0.05595718
9.1617,0.9165527,1000.0,57947.93698158001,0.7963716834783554,263,0.078343794,277,-18.641415,0.05686708,567296,2174.732600593008,567296,0.042953413
11.279005,0.91069335,1000.0,57918.49062820001,0.8113048523664474,255,0.07174577,278,-18.634405,0.050957255,569344,2182.740040519013,569344,0.041577045
24.68329,0.9100586,1000.0,58000.261998930015,0.6698621809482574,263,0.07678346,279,-18.597088,0.031596545,571392,2190.5126497530146,571392,0.09037383
19.197094,0.90473634,1000.0,57928.035806240005,0.6767749488353729,268,0.061429508,280,-18.57014,0.03407319,573440,2198.147045272024,573440,0.054712623
12.606331,0.9166504,1000.0,57951.8524388,0.7194843888282776,263,0.089373104,281,-18.584215,0.06505422,575488,2205.919786831015,575488,0.0486377
33.250793,0.9213379,1000.0,57876.570615180026,0.7148424088954926,248,0.093380794,282,-18.54399,0.06265635,577536,2214.170269000024,577536,0.061448865
11.64274,0.91503906,1000.0,57729.23679446003,0.7373901903629303,268,0.06408076,283,-18.468681,0.039435547,579584,2221.8097509070067,579584,0.04929043
29.209717,0.91240233,1000.0,57643.46004755001,0.6257660984992981,264,0.08098845,284,-18.441723,0.04976751,581632,2229.564745883021,581632,0.062441867
22.821571,0.91323245,1000.0,57674.905343360006,0.7362923324108124,256,0.06545885,285,-18.415188,0.043681096,583680,2237.5515598110214,583680,0.04355549
7.612914,0.9125,1000.0,57736.00378578,0.7105920910835266,261,0.07209921,286,-18.39724,0.03356633,585728,2245.37412957201,585728,0.07706575
19.39804,0.90581053,1000.0,57886.71320684001,0.7024355232715607,265,0.06343035,287,-18.412899,0.03335798,587776,2253.098501697008,587776,0.060144715
13.87164,0.9159668,1000.0,57669.65313490001,0.8096482008695602,263,0.074603066,288,-18.434238,0.050693147,589824,2260.873566060007,589824,0.04781985
14.141126,0.91074216,1000.0,57810.21539927001,0.619823694229126,261,0.07511546,289,-18.433666,0.040679827,591872,2268.7133791830274,591872,0.06887127
147.55771,0.91611326,1000.0,58020.9420197,0.6433539986610413,259,0.09914303,290,-18.425926,0.04942159,593920,2276.6107513020106,593920,0.09944291
16.548832,0.90786135,1000.0,58220.310563659994,0.7960305511951447,261,0.056892496,291,-18.405958,0.03230069,595968,2284.443066174019,595968,0.0491836
17.536015,0.9049805,1000.0,58230.67234995,0.6207137405872345,264,0.08923429,292,-18.401987,0.050670482,598016,2292.183053153014,598016,0.07712766
7.665194,0.90776366,1000.0,58287.051544300004,0.84596286714077,260,0.059170008,293,-18.362576,0.036382254,600064,2300.056122814014,600064,0.045575507
12.546878,0.9007324,1000.0,58189.910778909994,0.6828437447547913,263,0.05350361,294,-18.322098,0.024273451,602112,2307.8331203820126,602112,0.058460332
7.4073844,0.89873046,1000.0,58069.10654095999,0.7119204103946686,271,0.05654372,295,-18.319788,0.028370405,604160,2315.3896544220042,604160,0.056346647
11.647626,0.9115723,1000.0,58549.54293873999,0.6517317891120911,266,0.08701663,296,-18.30218,0.037784092,606208,2323.0819386200164,606208,0.09846507
7.999171,0.91069335,1000.0,58513.55555524,0.7511715143918991,257,0.057704967,297,-18.292494,0.030778527,608256,2331.026384865021,608256,0.053852864
5.0728006,0.9068848,1000.0,58557.34780959001,0.7549063563346863,257,0.05969693,298,-18.284945,0.033482913,610304,2338.9810690250015,610304,0.05242802
6.8987246,0.9061035,1000.0,58555.630033060006,0.4915148615837097,267,0.06738168,299,-18.282902,0.030466478,612352,2346.6500740949996,612352,0.07383041
11.8002615,0.9125,1000.0,58686.84126212,0.850532054901123,264,0.06730988,300,-18.240208,0.045139052,614400,2354.4048543620156,614400,0.044341646
9.913991,0.90878904,1000.0,58666.53047537002,0.8134241849184036,244,0.06888593,301,-18.22033,0.03698822,616448,2362.780753044004,616448,0.063795425
28.165562,0.9159668,1000.0,58853.87320137001,0.76547010242939,265,0.07038703,302,-18.150026,0.03471271,618496,2370.4956966450263,618496,0.07134865
14.73374,0.9104492,1000.0,59011.25959137,0.5200459361076355,266,0.067256466,303,-18.12325,0.033959027,620544,2378.1679717600055,620544,0.06659484
43.895832,0.9125,1000.0,58929.256766759994,0.5372215807437897,265,0.061945975,304,-18.10964,0.038961392,622592,2385.876862922014,622592,0.04596917
17.498028,0.91381836,1000.0,58878.393362480005,0.618162989616394,254,0.082257986,305,-18.093342,0.040499024,624640,2393.928748670005,624640,0.08351795
11.412,0.9114746,1000.0,58901.566236919985,0.7026224136352539,263,0.07426472,306,-18.083769,0.043576296,626688,2401.6878330470063,626688,0.06137684
17.942898,0.91430664,1000.0,58977.78913079998,0.39286333322525024,266,0.08325054,307,-18.068184,0.04256799,628736,2409.3637471830007,628736,0.08136514
13.418251,0.9081055,1000.0,58987.72460616,0.7133363485336304,263,0.05967503,308,-18.02824,0.03184823,630784,2417.1357337570225,630784,0.055653602
13.121016,0.90615237,1000.0,58762.30744010001,0.47505247592926025,260,0.056390714,309,-18.03357,0.030439448,632832,2424.9851508180145,632832,0.051902525
7.06484,0.91152346,1000.0,58651.0434856,0.587784469127655,267,0.07233942,310,-18.057148,0.038696475,634880,2432.6435470090073,634880,0.0672859
13.627081,0.89833987,1000.0,58563.72518389,0.6925276517868042,265,0.055751763,311,-18.094978,0.029382532,636928,2440.3612786500016,636928,0.05273845
24.455156,0.90966797,1000.0,58386.02089882,0.7700963169336319,259,0.057773583,312,-18.099346,0.033288546,638976,2448.2409642249986,638976,0.048970066
17.035252,0.9164063,1000.0,58271.01180575,0.7443291246891022,262,0.0931383,313,-18.087248,0.046689514,641024,2456.0574744290207,641024,0.09289755
7.7539854,0.904541,1000.0,58298.10478448999,0.35747820138931274,262,0.071625225,314,-18.075855,0.032802552,643072,2463.849016139022,643072,0.077645354
11.223617,0.9081055,1000.0,58287.71231213999,0.3791458010673523,267,0.083783664,315,-18.050167,0.039895225,645120,2471.5066494220227,645120,0.08777688
11.567608,0.90478516,1000.0,58414.69814009,0.8037830889225006,258,0.06338993,316,-18.00996,0.035885636,647168,2479.4298848270264,647168,0.05500858
6.0200405,0.9065918,1000.0,58546.100930509994,0.7110114097595215,265,0.05819003,317,-17.984121,0.029485788,649216,2487.144065681001,649216,0.05740848
8.773695,0.90756834,1000.0,58879.68001907,0.6456748247146606,262,0.06640617,318,-17.96439,0.030741427,651264,2494.9344220130006,651264,0.071329504
17.528236,0.9104004,1000.0,59069.6888479,0.7421932220458984,248,0.064315766,319,-17.955563,0.03745163,653312,2503.192137355014,653312,0.05372829
12.104762,0.907666,1000.0,58890.68519561998,0.6877587139606476,166,0.071913876,320,-17.922247,0.04895588,655360,2515.46308190102,655360,0.045916
10.880603,0.9126953,1000.0,58734.11145850999,0.8431156128644943,254,0.049283788,321,-17.88744,0.021835307,657408,2523.496895914024,657408,0.054896943
27.760036,0.9043457,1000.0,58725.99928989999,0.5567058622837067,259,0.067149974,322,-17.860357,0.029505918,659456,2531.385414540011,659456,0.0752881
8.070345,0.90043944,1000.0,58794.067788149994,0.8252841681241989,256,0.047656987,323,-17.8606,0.026005078,661504,2539.373633326002,661504,0.043303806
13.8681,0.91318357,1000.0,58990.393345590004,0.6778191030025482,262,0.07226463,324,-17.85199,0.040774796,663552,2547.1712496700056,663552,0.06297968
14.352771,0.9059082,1000.0,59073.99837287,0.7450904250144958,260,0.060759723,325,-17.852528,0.033602763,665600,2555.030761039001,665600,0.05431388
7.9551573,0.91274416,1000.0,58912.67735735001,0.8292682617902756,262,0.06277733,326,-17.877426,0.03945694,667648,2562.8356224180025,667648,0.04664076
18.025898,0.9091797,1000.0,59127.03368559999,0.6853085458278656,258,0.08285553,327,-17.870237,0.04225023,669696,2570.7552436500264,669696,0.08121062
7.7705994,0.8990723,1000.0,59131.27198677001,0.7807539105415344,204,0.057609834,328,-17.852531,0.024459163,671744,2580.7794263430114,671744,0.066301346
20.332127,0.90166014,1000.0,59236.60655857,0.7036312520503998,259,0.051278602,329,-17.867723,0.025140563,673792,2588.6849738560268,673792,0.052276086
10.968272,0.901416,1000.0,59231.19132902001,0.6322146058082581,260,0.053527247,330,-17.908611,0.027337119,675840,2596.533421164,675840,0.052380256
10.3544,0.90532225,1000.0,59479.80074826,0.6618071794509888,261,0.072590835,331,-17.916414,0.029738244,677888,2604.371147789003,677888,0.08570516
9.0228405,0.897168,1000.0,59520.63495622,0.5477726459503174,254,0.056411643,332,-17.891317,0.031853817,679936,2612.4222590630234,679936,0.049115647
15.107137,0.90473634,1000.0,59639.71171984999,0.7212425768375397,261,0.055130236,333,-17.878632,0.017915213,681984,2620.245130727999,681984,0.07443003
16.31713,0.90834963,1000.0,59804.531490320005,0.7501287311315536,251,0.076109126,334,-17.86627,0.023020428,684032,2628.381429816014,684032,0.10617739
5.358224,0.9067871,1000.0,59600.36798861001,0.7624838054180145,251,0.060145367,335,-17.848017,0.034207888,686080,2636.5105670880002,686080,0.051874958
13.111334,0.9044922,1000.0,59471.116023780014,0.7061675190925598,247,0.066043496,336,-17.835903,0.023067947,688128,2644.7747081810085,688128,0.085951075
14.13515,0.91206056,1000.0,59588.52379531001,0.7658561021089554,260,0.07763725,337,-17.821552,0.036308207,690176,2652.645410924015,690176,0.082658105
5.740005,0.9014648,1000.0,59856.85859150999,0.7934680581092834,256,0.044562466,338,-17.785229,0.018616108,692224,2660.623045918008,692224,0.051892716
26.355825,0.900293,1000.0,59643.32234310998,0.7777980864048004,255,0.055579793,339,-17.77332,0.028249536,694272,2668.644375075004,694272,0.05466051
16.723576,0.90419924,1000.0,59560.081494039994,0.5248722732067108,261,0.062164027,340,-17.774792,0.023301542,696320,2676.4639248260064,696320,0.077724956
7.121492,0.904834,1000.0,59767.02416247,0.6549815833568573,261,0.06391075,341,-17.782656,0.029179659,698368,2684.290756486007,698368,0.06946215
9.832621,0.9025391,1000.0,59706.18347457,0.43583953380584717,263,0.07525406,342,-17.758144,0.032073494,700416,2692.0777730230184,700416,0.0863611
13.3765135,0.9068359,1000.0,59751.68731510999,0.49471521377563477,259,0.08521493,343,-17.718756,0.039496064,702464,2699.962106122024,702464,0.09143772
21.123295,0.9046875,1000.0,59789.99134382999,0.6738379001617432,259,0.05847485,344,-17.705038,0.024613952,704512,2707.8488807620015,704512,0.067721784
7.6123314,0.90966797,1000.0,59475.42910425,0.7416879534721375,252,0.074585624,345,-17.675447,0.04338466,706560,2715.9562138770125,706560,0.06240189
15.346067,0.90717775,1000.0,59362.63369878,0.34394967555999756,145,0.08652262,346,-17.65959,0.057533927,708608,2729.995383086003,708608,0.05797738
8.414202,0.9012207,1000.0,59461.20114337,0.5819460153579712,162,0.05883302,347,-17.64537,0.02286602,710656,2742.632044410013,710656,0.071934015
18.890951,0.91206056,1000.0,59342.77034464,0.6292422115802765,160,0.07479473,348,-17.64175,0.04427084,712704,2755.3753106280055,712704,0.061047792
6.9709573,0.91030276,1000.0,59212.937645549995,0.8400949090719223,160,0.06059103,349,-17.599443,0.040273804,714752,2768.12550621602,714752,0.040634427
13.469632,0.904541,1000.0,59325.77936102999,0.5624130368232727,167,0.06150093,350,-17.584875,0.0296653,716800,2780.3544821430114,716800,0.063671246
21.33162,0.91396487,1000.0,58938.098538850005,0.8455701172351837,165,0.06474315,351,-17.585194,0.037564613,718848,2792.723459474015,718848,0.05435705
8.263555,0.8998047,1000.0,58982.60154791001,0.7856710404157639,167,0.050351642,352,-17.580034,0.024622645,720896,2804.9444834180176,720896,0.051458
12.276466,0.9050781,1000.0,59274.14309967,0.6506661474704742,162,0.07363799,353,-17.572788,0.044899277,722944,2817.578578571003,722944,0.057477415
7.854641,0.911084,1000.0,59209.16838179,0.8399702459573746,161,0.059014052,354,-17.557014,0.032109417,724992,2830.2644671170274,724992,0.053809274
9.680862,0.90175784,1000.0,59403.92835285,0.6180473566055298,167,0.07554962,355,-17.56618,0.01968712,727040,2842.527197850024,727040,0.111724995
9.097612,0.9030762,1000.0,59592.26304315,0.7641960978507996,168,0.05794459,356,-17.58715,0.02532504,729088,2854.674862320011,729088,0.065239094
44.77221,0.9006836,1000.0,59644.20085058002,0.7327598929405212,166,0.04504908,357,-17.584667,0.022478774,731136,2866.960621637001,731136,0.0451406
9.677375,0.90107423,1000.0,59744.96644609002,0.7432107329368591,160,0.0486519,358,-17.603085,0.022803025,733184,2879.7610897090053,733184,0.05169773
18.068714,0.89975584,1000.0,59660.41609291,0.8233584314584732,166,0.05012834,359,-17.615036,0.025744667,735232,2892.0746085320134,735232,0.04876735
8.578542,0.90292966,1000.0,59968.34094674999,0.7168197929859161,164,0.0611691,360,-17.611147,0.030572552,737280,2904.527118826023,737280,0.06119309
9.28246,0.9091797,1000.0,59903.73150084999,0.5962588489055634,252,0.063371256,361,-17.59833,0.035178967,739328,2912.6279133920034,739328,0.056384582
46.385532,0.89697266,1000.0,59919.2543466,0.6186258792877197,263,0.054645233,362,-17.598011,0.018575791,741376,2920.396793751017,741376,0.0721389
7.4025116,0.9104492,1000.0,60201.52109222,0.8177190124988556,260,0.065016456,363,-17.636684,0.0368593,743424,2928.252179354022,743424,0.056314327
6.6048307,0.9057129,1000.0,60090.60200290001,0.6492575109004974,227,0.05054442,364,-17.663599,0.018458864,745472,2937.240999360016,745472,0.06417111
11.588507,0.9091309,1000.0,59930.01585373001,0.767342135310173,167,0.060925424,365,-17.675346,0.0285823,747520,2949.4614995710144,747520,0.06468623
5.9557333,0.9039551,1000.0,60147.297404180004,0.55007004737854,157,0.070375174,366,-17.692688,0.03206099,749568,2962.434013130027,749568,0.07662837
18.65447,0.900293,1000.0,59983.65447307,0.5932958722114563,164,0.059375536,367,-17.690107,0.025203878,751616,2974.903506711009,751616,0.06834333
5.3856144,0.89580077,1000.0,59962.60666247,0.7149796187877655,157,0.05878833,368,-17.687567,0.032505605,753664,2987.915657297999,753664,0.052565437
15.247454,0.910498,1000.0,60082.07815556002,0.6506742238998413,162,0.073875874,369,-17.65841,0.048641615,755712,3000.50666563501,755712,0.050468527
14.2232485,0.9099121,1000.0,60202.186122830004,0.7692797183990479,168,0.06231355,370,-17.591755,0.035411872,757760,3012.6901724530035,757760,0.053803332
18.028496,0.90966797,1000.0,60192.86757310002,0.6933857500553131,161,0.064056695,371,-17.588083,0.036903374,759808,3025.3881484160083,759808,0.054306667
4.897065,0.8979004,1000.0,60332.378570680004,0.6850523948669434,163,0.062179685,372,-17.585396,0.027358964,761856,3037.8805383980216,761856,0.06964145
7.1467276,0.90478516,1000.0,60042.926092580004,0.6416908502578735,160,0.06726633,373,-17.607353,0.031936504,763904,3050.6382360640273,763904,0.07065961
25.917486,0.9165039,1000.0,59988.733108910004,0.5395962595939636,135,0.09377238,374,-17.61967,0.043326832,765952,3065.770693927014,765952,0.10089116
4.906797,0.9052246,1000.0,60339.04894926001,0.609934002161026,155,0.076282546,375,-17.59606,0.031850144,768000,3078.9550324020092,768000,0.0888648
26.155981,0.9032715,1000.0,60429.99516475001,0.697504997253418,157,0.07799633,376,-17.608992,0.043122344,770048,3091.9839849570126,770048,0.06974802
10.553343,0.9042969,1000.0,60464.33925520999,0.6701919734477997,163,0.0616576,377,-17.63126,0.024829652,772096,3104.5478542860074,772096,0.07365591
14.421718,0.9042969,1000.0,60640.22581656999,0.7278934121131897,159,0.07117926,378,-17.636894,0.039393544,774144,3117.35382622201,774144,0.06357144
7.112938,0.9117187,1000.0,60595.840178989994,0.700434535741806,147,0.07508613,379,-17.63321,0.041987263,776192,3131.2364610600052,776192,0.06619774
11.630892,0.903125,1000.0,60479.75742622,0.7120746374130249,155,0.0646757,380,-17.62661,0.030719081,778240,3144.451935907011,778240,0.06791326
32.46768,0.9112793,1000.0,60654.54073449001,0.811847597360611,163,0.068232976,381,-17.593454,0.044860333,780288,3156.9958873720025,780288,0.04674529
9.945546,0.8943359,1000.0,60443.82463575001,0.5356211960315704,164,0.05240369,382,-17.55223,0.026110724,782336,3169.475732221006,782336,0.05258593
10.165315,0.9043457,1000.0,60139.38435204001,0.7425926029682159,153,0.07127397,383,-17.522352,0.025722187,784384,3182.7940613690007,784384,0.09110354
9.736319,0.89995116,1000.0,60496.59918010001,0.7674833685159683,166,0.05150366,384,-17.522633,0.02649343,786432,3195.0773394790012,786432,0.050020475
18.887157,0.90415037,1000.0,60624.412330449995,0.7206501364707947,168,0.07251951,385,-17.504133,0.038222753,788480,3207.2291729520075,788480,0.06859352
7.389454,0.902002,1000.0,60447.64670853001,0.6893299520015717,165,0.058468044,386,-17.497623,0.023755036,790528,3219.577134604013,790528,0.06942603
7.174323,0.9061035,1000.0,60422.91186025,0.6818353235721588,170,0.054019958,387,-17.510294,0.027008478,792576,3231.6003433230217,792576,0.054022957
3.8885257,0.8996094,1000.0,60303.86403831999,0.8024939596652985,170,0.059560884,388,-17.516699,0.03301079,794624,3243.635707441019,794624,0.0531002
13.099007,0.901416,1000.0,60539.047963749996,0.580114871263504,152,0.06457348,389,-17.528202,0.022509692,796672,3257.0818763620046,796672,0.08412759
7.6523986,0.9043457,1000.0,60475.33036849,0.5512394607067108,162,0.059667338,390,-17.527597,0.021873549,798720,3269.7081188900047,798720,0.07558757
30.598614,0.91010743,1000.0,60418.40100753001,0.8468121141195297,159,0.07185124,391,-17.530966,0.052399833,800768,3282.575314877002,800768,0.03890283
6.0408645,0.9085938,1000.0,60338.90069994001,0.7254734635353088,163,0.058819305,392,-17.529655,0.035864785,802816,3295.1177584770194,802816,0.04590903
14.44993,0.9055664,1000.0,60335.667859500005,0.6082036197185516,170,0.055654995,393,-17.529486,0.025601666,804864,3307.116101531021,804864,0.060106665
22.571136,0.8998047,1000.0,60179.06778821999,0.2813444137573242,162,0.059248082,394,-17.526842,0.028409582,806912,3319.703172302019,806912,0.06167701
7.325157,0.900293,1000.0,60169.74276359999,0.6709202229976654,166,0.052915193,395,-17.531603,0.025601108,808960,3332.0277141660044,808960,0.054628175
10.153171,0.8932129,1000.0,60107.61885669,0.3119114637374878,168,0.08102764,396,-17.505417,0.034649692,811008,3344.1490434660227,811008,0.0927559
6.3696547,0.9043945,1000.0,60449.37297360999,0.6030153036117554,171,0.06673557,397,-17.451504,0.026653746,813056,3356.087336085009,813056,0.080163695
9.577027,0.90361327,1000.0,60395.28398977999,0.631632536649704,170,0.06978622,398,-17.452112,0.027954921,815104,3368.0992365630227,815104,0.08366261
6.529294,0.9013184,1000.0,60483.70393809,0.8365625292062759,173,0.05111421,399,-17.462908,0.030497735,817152,3379.924424747005,817152,0.041232947
12.8128605,0.90908206,1000.0,60529.91507224,0.7475612163543701,175,0.063972995,400,-17.46928,0.035839386,819200,3391.5870657010237,819200,0.056267194
6.8384104,0.9032227,1000.0,60765.24183773,0.5226607322692871,171,0.07264423,401,-17.477112,0.02696178,821248,3403.510475412011,821248,0.09136489
50.650764,0.9094238,1000.0,61031.77166521999,0.6840412318706512,173,0.060173877,402,-17.490643,0.032865785,823296,3415.319369644014,823296,0.054616142
11.006695,0.898584,1000.0,60980.55323639,0.6615110635757446,174,0.05665984,403,-17.522121,0.024154002,825344,3427.037796825025,825344,0.065011665
8.12075,0.9009277,1000.0,60867.18773581,0.8039474487304688,164,0.05807156,404,-17.541302,0.033051405,827392,3439.4885915080085,827392,0.050040286
9.5674095,0.9114746,1000.0,60793.52800167,0.8662254959344864,170,0.06374436,405,-17.54621,0.03730872,829440,3451.5343118290184,829440,0.052871276
17.733242,0.9043457,1000.0,60983.39850069,0.629031628370285,168,0.071115896,406,-17.532887,0.025566045,831488,3463.6632775590115,831488,0.09109969
6.5540094,0.9019531,1000.0,61225.77947316998,0.751307338476181,163,0.05466206,407,-17.556736,0.030266652,833536,3476.167350977019,833536,0.04879082
6.105191,0.9022461,1000.0,61023.54751595999,0.6518015563488007,161,0.05114741,408,-17.604542,0.028308803,835584,3488.8153019640013,835584,0.045677204
17.824873,0.9046875,1000.0,60904.767356209995,0.6958898603916168,162,0.06553666,409,-17.626425,0.03538444,837632,3501.4035850150103,837632,0.060304444
19.35965,0.90898436,1000.0,60940.632150920006,0.547541618347168,164,0.070267305,410,-17.595997,0.038560204,839680,3513.8494083810074,839680,0.06341423
13.505163,0.9067383,1000.0,60867.893874509995,0.6050809621810913,169,0.071887806,411,-17.563574,0.045655172,841728,3525.9420169200166,841728,0.052465282
5.8511057,0.9027344,1000.0,60712.342954939995,0.6219414174556732,164,0.049722828,412,-17.586079,0.018780624,843776,3538.4023147160187,843776,0.061884403
16.341137,0.89887697,1000.0,60799.14469941,0.5474522709846497,167,0.05560627,413,-17.645054,0.023062816,845824,3550.631737638003,845824,0.06508692
10.160991,0.8996094,1000.0,61055.216013499994,0.7012673616409302,169,0.050212722,414,-17.677824,0.02191177,847872,3562.7164821660263,847872,0.056601904
6.32503,0.8973633,1000.0,60879.31978938999,0.7631054073572159,163,0.044074845,415,-17.66621,0.022122642,849920,3575.2653082500037,849920,0.043904394
6.750215,0.89941406,1000.0,60897.14946339,0.7685832679271698,167,0.053387213,416,-17.654716,0.030013409,851968,3587.4996016250225,851968,0.046747617
12.0182905,0.90664065,1000.0,60833.96511594,0.7880730926990509,152,0.06343874,417,-17.683275,0.03217004,854016,3600.9328534650267,854016,0.062537424
5.426585,0.90053713,1000.0,60897.18225884999,0.6794261336326599,159,0.054247685,418,-17.671055,0.0254902,856064,3613.7606889740273,856064,0.057514958
8.287586,0.9016113,1000.0,60776.91762460999,0.60606649518013,170,0.057633,419,-17.653643,0.029035231,858112,3625.7804029930267,858112,0.057195555
13.359833,0.89760745,1000.0,60722.3842843,0.6963252425193787,167,0.064412594,420,-17.645208,0.028832847,860160,3637.9978968020005,860160,0.07115952
9.084955,0.90634763,1000.0,60982.68425840002,0.7600292712450027,166,0.06434128,421,-17.6512,0.022004252,862208,3650.2770088610123,862208,0.084674045
19.027473,0.9103516,1000.0,61077.54532137001,0.7907531410455704,167,0.073440045,422,-17.648668,0.036009185,864256,3662.495497361,864256,0.07486174
6.776806,0.8998535,1000.0,61083.16985126,0.5771316587924957,164,0.05224616,423,-17.660223,0.024816211,866304,3674.9511314679985,866304,0.054859918
9.485264,0.8991211,1000.0,60864.62794923999,0.5826818645000458,165,0.062968485,424,-17.675953,0.028158706,868352,3687.3289998140244,868352,0.06961953
6.785608,0.9039551,1000.0,60831.154357900006,0.5724029839038849,174,0.06449933,425,-17.676973,0.035261285,870400,3699.0855247200234,870400,0.05847609
7.2109947,0.90581053,1000.0,60782.538712689995,0.7073917388916016,167,0.063067354,426,-17.674587,0.03310203,872448,3711.3410704820126,872448,0.059930623
10.041478,0.9090332,1000.0,60816.383446429994,0.7450385093688965,164,0.060961314,427,-17.671574,0.029839229,874496,3723.8205937470193,874496,0.06224413
6.343759,0.9009277,1000.0,60919.79395181999,0.7949603348970413,166,0.061862957,428,-17.648472,0.03174793,876544,3736.1366053340025,876544,0.060230058
7.4835615,0.90776366,1000.0,61000.654404960005,0.7020754218101501,166,0.07237212,429,-17.622005,0.047925994,878592,3748.4256061380147,878592,0.048892245
5.4366903,0.8953613,1000.0,60751.83619759,0.5913872122764587,163,0.049163166,430,-17.60073,0.022479242,880640,3760.919475903007,880640,0.053367853
8.236956,0.9092773,1000.0,60838.627115209994,0.6376301646232605,165,0.06385574,431,-17.606161,0.034409415,882688,3773.314258478,882688,0.058892656
12.757866,0.9022461,1000.0,60838.55514384001,0.6695290207862854,166,0.05500732,432,-17.583717,0.028722446,884736,3785.607791226008,884736,0.052569747
25.026497,0.9006836,1000.0,60573.96737004001,0.6589806079864502,169,0.053709857,433,-17.599812,0.025744071,886784,3797.7114639680076,886784,0.05593158
5.0430098,0.8961426,1000.0,60627.98642403001,0.7251938879489899,167,0.04915466,434,-17.606775,0.018446483,888832,3809.9452988870034,888832,0.06141637
19.774727,0.898584,1000.0,60756.60594773,0.7491086423397064,174,0.04921295,435,-17.608767,0.023886759,890880,3821.7049145530036,890880,0.050652396
6.3817153,0.90112305,1000.0,60940.51261139,0.6931367814540863,173,0.057058953,436,-17.61351,0.016448203,892928,3833.520088819001,892928,0.08122148
11.534452,0.9020508,1000.0,61075.05951677999,0.7120929956436157,165,0.062805824,437,-17.62914,0.028218796,894976,3845.874615733017,894976,0.06917404
5.658933,0.89267576,1000.0,60873.00261589998,0.546603798866272,173,0.077089906,438,-17.63093,0.023724176,897024,3857.700478038023,897024,0.10673146
4.7532415,0.90107423,1000.0,60828.64159016999,0.718597024679184,174,0.0512094,439,-17.651241,0.024275545,899072,3869.414342601027,899072,0.053867716
10.782011,0.90107423,1000.0,61182.05450768999,0.4225538372993469,164,0.0633556,440,-17.671839,0.02331685,901120,3881.8628623390105,901120,0.0800775
15.246519,0.8984863,1000.0,61302.22619568,0.6728960275650024,172,0.052490067,441,-17.684374,0.020298336,903168,3893.7159074140072,903168,0.06438346
5.494677,0.9003906,1000.0,61357.4542007,0.7017211019992828,174,0.049235202,442,-17.71036,0.016037831,905216,3905.4870285500074,905216,0.06639475
4.3125734,0.8998535,1000.0,61475.33004935,0.5477660894393921,168,0.04867766,443,-17.727375,0.019106712,907264,3917.679340501025,907264,0.059141893
5.560308,0.901416,1000.0,61547.75611632,0.7032987773418427,172,0.04858261,444,-17.73051,0.018960996,909312,3929.5883975150064,909312,0.05924322
10.002046,0.9056641,1000.0,61668.01355168001,0.60115185379982,170,0.055368274,445,-17.743092,0.020591725,911360,3941.582925223018,911360,0.0695531
8.974221,0.9039062,1000.0,61321.52717887001,0.7250445783138275,164,0.050147105,446,-17.770939,0.01938808,913408,3954.0434109010093,913408,0.06151805
14.806234,0.9003906,1000.0,61266.906708860006,0.6437230110168457,170,0.054084383,447,-17.7837,0.026778322,915456,3966.03588195701,915456,0.05461213
11.201106,0.90180665,1000.0,61227.546053449994,0.783423125743866,172,0.05637353,448,-17.753614,0.03396097,917504,3977.9289051840024,917504,0.044825114
9.106495,0.9056641,1000.0,61176.37978925,0.6014958322048187,168,0.061581504,449,-17.735336,0.02573863,919552,3990.098429345002,919552,0.07168573
6.583094,0.90063477,1000.0,60969.12256677,0.6435326933860779,164,0.051102113,450,-17.725176,0.021825766,921600,4002.578068982024,921600,0.058552705
57.728363,0.90166014,1000.0,60929.23960613,0.48322319984436035,173,0.07114557,451,-17.709908,0.034569632,923648,4014.381904344016,923648,0.073151864
5.730579,0.8940918,1000.0,60833.06258311,0.8464660346508026,170,0.039553996,452,-17.707539,0.019067468,925696,4026.4157419800176,925696,0.040973082
4.7975883,0.8977539,1000.0,60772.32493781999,0.7917278558015823,160,0.051134318,453,-17.721106,0.025191963,927744,4039.1909558230254,927744,0.05188472
12.655238,0.9008301,1000.0,60608.45781078999,0.7571610510349274,174,0.060933035,454,-17.727993,0.034733675,929792,4050.917826715013,929792,0.05239871
41.650978,0.90415037,1000.0,60624.29813542999,0.5828465223312378,166,0.06944575,455,-17.699942,0.030057106,931840,4063.2064623040205,931840,0.07877727
45.7898,0.89873046,1000.0,60702.694598689995,0.5925600528717041,164,0.075365506,456,-17.690538,0.04207265,933888,4075.635638312,933888,0.06658569
24.355467,0.9109375,1000.0,60860.18481062,0.6864821314811707,172,0.07794653,457,-17.713676,0.039782487,935936,4087.4912295870017,935936,0.076328084
13.931117,0.9012207,1000.0,60853.16297703,0.6165553331375122,169,0.057902865,458,-17.767117,0.025386477,937984,4099.596588419023,937984,0.06503279
11.649557,0.9002441,1000.0,60862.349738649995,0.6344432234764099,169,0.0716604,459,-17.799622,0.03486066,940032,4111.649903673009,940032,0.073599495
11.795913,0.9007813,1000.0,61061.004222799995,0.7384926378726959,166,0.05772186,460,-17.81264,0.030326221,942080,4123.9221014100185,942080,0.05479129
11.9576845,0.9020996,1000.0,60950.42600253001,0.7646197080612183,164,0.05392279,461,-17.810307,0.013635184,944128,4136.347239126015,944128,0.08057524
16.217726,0.9075195,1000.0,60907.84542300002,0.8975328728556633,167,0.073441096,462,-17.76629,0.057833545,946176,4148.568976486014,946176,0.031215113
9.750368,0.8991211,1000.0,60883.89534286001,0.6405518054962158,172,0.056267746,463,-17.74981,0.023844223,948224,4160.473782539018,948224,0.06484704
6.4023194,0.90117186,1000.0,60950.61668100001,0.544241338968277,171,0.0540408,464,-17.790817,0.023862919,950272,4172.426648531022,950272,0.060355745
13.504831,0.9042969,1000.0,61096.02974963,0.6789684295654297,159,0.057062935,465,-17.823065,0.02846392,952320,4185.283990414027,952320,0.05719804
7.559227,0.90097654,1000.0,61189.65474147999,0.7169053256511688,167,0.07722201,466,-17.831388,0.029913539,954368,4197.546264369012,954368,0.09461696
3.6208496,0.8935059,1000.0,61055.12088631999,0.6202806532382965,173,0.04793072,467,-17.824,0.021412384,956416,4209.386217859021,956416,0.053036682
6.957199,0.8978516,1000.0,61087.52235672,0.7668434232473373,171,0.060342185,468,-17.838373,0.0269314,958464,4221.330929539021,958464,0.0668216
9.461986,0.9050293,1000.0,60974.66358105,0.7539100795984268,172,0.06603966,469,-17.83658,0.036897313,960512,4233.22196355401,960512,0.05828467
13.268351,0.9092285,1000.0,61153.39487248001,0.683580070734024,171,0.07593727,470,-17.844467,0.029795114,962560,4245.1858642260195,962560,0.0922843
27.502056,0.900293,1000.0,61196.436789640014,0.6333886384963989,170,0.08009193,471,-17.838049,0.024327215,964608,4257.181003305013,964608,0.11152943
16.750324,0.89506835,1000.0,61432.58474138,0.7663456201553345,166,0.06263955,472,-17.854244,0.030003408,966656,4269.467348658014,966656,0.065272264
4.9222684,0.90297854,1000.0,61361.37904673999,0.6831616759300232,170,0.048898578,473,-17.86655,0.024504375,968704,4281.482269637025,968704,0.048788402
7.621122,0.90581053,1000.0,61399.381330439996,0.6583437323570251,171,0.06613447,474,-17.865936,0.03161349,970752,4293.4372862610035,970752,0.06904193
13.036578,0.9105469,1000.0,61533.542155710005,0.7377705872058868,170,0.07912259,475,-17.846151,0.035239592,972800,4305.429577191011,972800,0.08776596
15.0702,0.9040039,1000.0,61531.58781704,0.6802342534065247,172,0.05309807,476,-17.825914,0.02213238,974848,4317.299527000025,974848,0.061931383
15.463564,0.90170896,1000.0,61692.04135648001,0.6790708005428314,150,0.0634281,477,-17.862007,0.023101125,976896,4330.879263487004,976896,0.080653936
6.702562,0.89453125,1000.0,61628.241451120004,0.6481741368770599,146,0.0536273,478,-17.88448,0.018008668,978944,4344.841807244025,978944,0.07123727
26.046814,0.8998535,1000.0,62029.25672985999,0.5211065411567688,168,0.09885861,479,-17.899805,0.03795299,980992,4356.987149562017,980992,0.12181121
12.245575,0.903125,1000.0,62390.121914769996,0.5693840980529785,172,0.07562361,480,-17.915207,0.03285203,983040,4368.8301967860025,983040,0.08554314
10.493934,0.9039551,1000.0,62338.28381333,0.6853505969047546,163,0.06752053,481,-17.936445,0.03712471,985088,4381.334636703017,985088,0.06079162
21.99158,0.89926755,1000.0,62419.027807549995,0.7119740545749664,166,0.05307268,482,-17.975298,0.028566342,987136,4393.604215166008,987136,0.04901268
6.2575665,0.89941406,1000.0,62197.3851727,0.559969574213028,170,0.056678284,483,-18.001638,0.02338645,989184,4405.6089269200165,989184,0.06658368
5.7183056,0.90219724,1000.0,62191.92757248001,0.7040233016014099,173,0.06275563,484,-18.02036,0.021322737,991232,4417.406556642003,991232,0.082865804
12.220235,0.90361327,1000.0,62212.063722360006,0.5286482870578766,167,0.060229402,485,-18.031971,0.016110606,993280,4429.664498524013,993280,0.0882376
6.979753,0.90229493,1000.0,62146.547945230006,0.6887174844741821,167,0.05448994,486,-18.043419,0.030727396,995328,4441.863143595023,995328,0.047525093
21.506151,0.9014648,1000.0,62124.75041541002,0.6697283387184143,166,0.05835724,487,-18.060116,0.024304235,997376,4454.191707479011,997376,0.06810604
9.326567,0.89711916,1000.0,62365.90835196,0.5263063311576843,176,0.049190015,488,-18.046698,0.023008782,999424,4465.8133073180215,999424,0.05236247
10.560827,0.904541,1000.0,62236.270186069996,0.594256728887558,168,0.06888133,489,-18.02132,0.03167865,1001472,4477.971825719025,1001472,0.07440539
17.453548,0.90419924,1000.0,62332.72990034,0.7059387564659119,169,0.07010992,490,-18.008263,0.04097275,1003520,4490.023707148008,1003520,0.058274347
13.829161,0.8983887,1000.0,62301.12844783001,0.5891298055648804,171,0.059472777,491,-17.99654,0.02416733,1005568,4501.954657200025,1005568,0.070610926
7.0424223,0.89873046,1000.0,62356.463806889995,0.5335671603679657,168,0.059266288,492,-18.005594,0.027963486,1007616,4514.12246183501,1007616,0.062605605
5.4224977,0.9022461,1000.0,62339.11546255,0.7150769829750061,164,0.07302051,493,-18.009674,0.032110997,1009664,4526.579411570012,1009664,0.08181903
12.993695,0.90615237,1000.0,62460.593320980006,0.7313086986541748,170,0.053970356,494,-17.981174,0.024359506,1011712,4538.60427207101,1011712,0.059221696
5.293107,0.90229493,1000.0,62568.02471106,0.46898728609085083,175,0.06216682,495,-17.971144,0.024273248,1013760,4550.2772394180065,1013760,0.075787164
9.674499,0.89501953,1000.0,62661.07949186001,0.7723149657249451,164,0.06452704,496,-17.959835,0.020558579,1015808,4562.704919688025,1015808,0.0879369
6.8845506,0.90595704,1000.0,62784.712242010006,0.9098624289035797,164,0.051981878,497,-17.940739,0.029681599,1017856,4575.1734236330085,1017856,0.044600546
7.3129196,0.9003906,1000.0,62917.031310679995,0.7766397595405579,169,0.034499563,498,-17.934246,0.012368158,1019904,4587.274091463012,1019904,0.044262808
10.5992565,0.9068359,1000.0,63002.032838909996,0.7732382416725159,164,0.057087887,499,-17.960371,0.030082542,1021952,4599.73891191202,1021952,0.05401072
18.14162,0.89936525,1000.0,63246.16249217,0.28673356771469116,179,0.06900166,500,-18.002102,0.021474844,1024000,4611.172640031,1024000,0.09505363
15.572622,0.9015137,1000.0,63590.1479323,0.476726770401001,217,0.06932502,501,-18.041458,0.025420085,1026048,4620.5775720850215,1026048,0.08780989
6.722197,0.90004885,1000.0,63886.92412443,0.7009093463420868,195,0.05025447,502,-18.095188,0.016399164,1028096,4631.075831079012,1028096,0.06771064
10.982969,0.9031738,1000.0,63955.828263840005,0.5977895557880402,220,0.060396004,503,-18.12084,0.024726555,1030144,4640.380726770003,1030144,0.07133893
10.367537,0.90361327,1000.0,63998.32436346,0.5307061970233917,233,0.07531216,504,-18.132914,0.028886,1032192,4649.135916912026,1032192,0.092852324
22.00597,0.902002,1000.0,63947.43291283001,0.4160086512565613,218,0.08582024,505,-18.151697,0.047633287,1034240,4658.498003574001,1034240,0.07637393
11.808424,0.9016113,1000.0,63832.87509596001,0.7580825835466385,199,0.055277903,506,-18.151854,0.021629801,1036288,4668.770738848019,1036288,0.06729622
7.8846993,0.9043945,1000.0,64176.59076161,0.6494854390621185,188,0.08663539,507,-18.179394,0.03458313,1038336,4679.627725961007,1038336,0.1041045
12.280371,0.89990234,1000.0,64293.41439861,0.6062781810760498,208,0.06499431,508,-18.178154,0.037811525,1040384,4689.439662396006,1040384,0.054365557
5.6371264,0.900293,1000.0,64361.291331520006,0.6795395314693451,200,0.07263386,509,-18.187265,0.03567681,1042432,4699.655992198008,1042432,0.07391411
11.843004,0.8996582,1000.0,64326.84517694,0.6407952010631561,215,0.059183083,510,-18.169973,0.023436036,1044480,4709.164240367012,1044480,0.071494125
15.934339,0.90405273,1000.0,64657.849801959994,0.7544118463993073,228,0.065519616,511,-18.174002,0.032982312,1046528,4718.138015714008,1046528,0.06507459
6.857672,0.91186523,1000.0,64455.49775579,0.6744337379932404,250,0.07037057,512,-18.137783,0.042121023,1048576,4726.3266283289995,1048576,0.05649907
8.865548,0.90283203,1000.0,64525.587714199995,0.7099478542804718,228,0.057386063,513,-18.155003,0.02123347,1050624,4735.276673641027,1050624,0.07230518
12.261784,0.89755857,1000.0,64591.8316854,0.6627380549907684,209,0.05065008,514,-18.205297,0.01710704,1052672,4745.062856806006,1052672,0.067086056
11.528761,0.90170896,1000.0,64348.80192693,0.4974279999732971,205,0.06207829,515,-18.21396,0.027343366,1054720,4755.00996253101,1054720,0.06946987
12.067422,0.89326173,1000.0,64387.51297422,0.6186902821063995,215,0.053374983,516,-18.237768,0.018115742,1056768,4764.531394638005,1056768,0.07051848
15.12466,0.90175784,1000.0,64570.442578960006,0.7100367248058319,222,0.061992474,517,-18.254608,0.026284928,1058816,4773.728290474013,1058816,0.0714151
23.864117,0.90410155,1000.0,64796.45765343,0.4299696683883667,235,0.07140236,518,-18.263432,0.030538023,1060864,4782.414423043025,1060864,0.08172868
